phenotype_id,num_var,beta_shape1,beta_shape2,true_df,pval_true_df,variant_id,tss_distance,ma_samples,ma_count,maf,ref_factor,pval_nominal,slope,slope_se,pval_perm,pval_beta,qval,pval_nominal_threshold
ENSG00000177732,121,1.0496812,46.078373,141.30244,0.025978019786988323,chr20_651986_G_A_b38,326389,7,7,0.0175,1,0.01779941053759066,0.5202923,0.21728598,0.6867313268673133,0.6837071173394932,0.7802988380831651,0.00024199085718886487
ENSG00000125826,694,1.0112174,214.56714,147.43076,0.003488305917220652,chr20_548745_C_G_b38,141245,5,5,0.0125,1,0.0023388546102116724,0.7653819,0.24745816,0.5226477352264773,0.522200393931425,0.7087749857751876,4.304965897616552e-05
ENSG00000125875,313,1.0285777,106.22216,144.07396,0.0005382078993294502,chr20_411277_C_T_b38,-51278,16,17,0.0425,1,0.0002644080832278733,-0.5070957,0.1359108,0.047995200479952004,0.0505745015745043,0.21228803130038837,9.4838615262387e-05
ENSG00000101266,603,1.0418668,184.14523,143.43683,0.0007207391925609036,chr20_665209_T_C_b38,121386,76,85,0.2125,-1,0.00035411077309166196,-0.2037502,0.055815533,0.10948905109489052,0.11204503253060132,0.34790238411328256,5.836439639728576e-05
ENSG00000125878,516,1.0574279,163.20706,148.19319,0.01240636464000548,chr20_456994_C_T_b38,-153406,3,3,0.0075,1,0.009366254867797531,1.2324994,0.46859154,0.8561143885611439,0.8571349422233725,0.8611792497275862,7.089304123252472e-05
ENSG00000271303,480,1.0253743,124.657974,145.74918,0.007469223422575892,chr20_289062_C_A_b38,-364310,43,44,0.11,1,0.005057835233345056,-0.19028907,0.06694111,0.6014398560143985,0.5960170765069064,0.7547329832862127,7.954731976003967e-05
ENSG00000125898,189,1.0303369,69.5867,150.37442,0.0017305108048656548,chr20_1337000_C_A_b38,503283,20,20,0.05,1,0.0012292652591790138,-0.40388966,0.12273462,0.10428957104289571,0.10502439838673872,0.3329832210976734,0.00014601046730135724
ENSG00000101280,415,1.022169,110.665436,150.32602,0.0037856513000387253,chr20_612432_T_C_b38,-303887,85,101,0.2525,-1,0.0028126442165258554,0.2752963,0.090721995,0.34006599340065996,0.33230199805716865,0.5767326616778734,8.818936697967003e-05
ENSG00000101282,232,1.0433955,80.53026,143.38496,0.02588475282178288,chr20_663088_G_A_b38,-339178,7,7,0.0175,1,0.018577235428169765,0.6507551,0.27363333,0.8729127087291271,0.8701579369454139,0.8650692940393002,0.00013441710378635986
ENSG00000101298,208,1.0128473,75.75894,150.29999,0.007281394995054621,chr20_1515010_A_G_b38,248692,56,59,0.1475,-1,0.0056191227123769056,-0.30820876,0.10979214,0.42575742425757424,0.41889304037377734,0.6288820363515317,0.0001229275647102298
ENSG00000234684,235,1.0284537,73.47533,147.69951,0.00015962357645029067,chr20_1464875_T_C_b38,139468,29,31,0.0775,1,8.488247038059079e-05,0.46110177,0.11431739,0.0084991500849915,0.010150914533267425,0.05752184902184873,0.00013701207805307886
ENSG00000125775,235,1.025372,74.30171,147.66309,5.108634263947466e-06,chr20_1387745_T_A_b38,58504,52,55,0.1375,1,2.058770461256164e-06,0.38447893,0.07802036,0.00019998000199980003,0.0003074388101205669,0.0034843065146997576,0.0001334444087214455
ENSG00000088832,387,1.0509034,93.48736,142.30457,0.028976167046819205,chr20_1341776_C_T_b38,-51398,7,9,0.0225,1,0.020555025090921237,-0.28049558,0.11990521,0.9299070092990701,0.9298062351989211,0.8709587082251176,0.0001200052844071442
ENSG00000088833,246,1.0287247,75.93495,150.10434,0.005863243840476539,chr20_1341600_C_T_b38,-126094,111,136,0.34,1,0.0044411677088587185,-0.15777965,0.054671425,0.35236476352364765,0.3465057330001314,0.581787403555776,0.00013275201659449957
ENSG00000196209,125,1.0446155,39.96879,143.2448,4.2876764500295204e-07,chr20_1461196_C_G_b38,-30393,73,79,0.1975,1,9.0822491541506e-08,-0.40924624,0.073064096,9.999000099990002e-05,1.0305835186858051e-05,0.00021236266445646892,0.0002723183928103904
ENSG00000276649,182,1.0263921,60.596485,146.61699,0.011975994511875114,chr20_1859888_C_T_b38,-34280,84,101,0.2525,1,0.008654600353471311,-0.25447774,0.09573453,0.5121487851214879,0.5056177605044393,0.7024127682184698,0.00016444375610030044
ENSG00000198053,182,1.0146174,62.12321,148.09756,0.00048790934008994326,chr20_1954848_A_C_b38,60471,93,103,0.2575,1,0.0002887518980353254,-0.22578637,0.06090967,0.027797220277972202,0.02819860905612324,0.13316009832058195,0.00015125119635013584
ENSG00000125780,731,1.0418015,199.57727,145.87712,0.007775259075218503,chr20_2387422_C_G_b38,91419,97,112,0.28,-1,0.005304051956324173,0.3354918,0.11868795,0.7827217278272173,0.7765166979618715,0.8186532629675544,5.383513363414914e-05
ENSG00000125835,188,1.050376,75.243385,150.10457,0.0016021724673746923,chr20_1814548_C_T_b38,-656307,10,10,0.025,1,0.0011212290849275809,0.34547606,0.10411174,0.09579042095790422,0.09981949577960846,0.3232250339530178,0.00014871916729988102
ENSG00000088881,113,1.0318867,49.82677,154.47041,0.00012638371117695894,chr20_2774842_T_C_b38,81962,64,71,0.1775,1,9.554853754960593e-05,0.30013308,0.0749809,0.0046995300469953,0.005269413478748737,0.036193951167163035,0.0002054427224290113
ENSG00000125787,284,1.0457963,79.42787,145.2201,0.005431099261174154,chr20_2813712_T_C_b38,-229912,5,5,0.0125,1,0.0035137730450252682,0.8067648,0.27229616,0.33736626337366266,0.32967223014700553,0.5767326616778734,0.0001378550233688841
ENSG00000125901,284,1.0188751,80.407745,146.64081,0.0016382353204436758,chr20_2868586_A_G_b38,-177361,72,84,0.21,1,0.0010026172958825517,-0.21409895,0.06387969,0.12208779122087791,0.1178612554711834,0.3515160250894943,0.00011938968585664531
ENSG00000088899,210,1.0125707,59.105366,146.47025,0.00038909996488352183,chr20_3045856_C_G_b38,-127738,3,4,0.01,1,0.00020880341060863414,0.8083452,0.21298179,0.020097990200979902,0.02157139052098898,0.1062938083642935,0.00015733690084797984
ENSG00000088836,163,1.0281241,42.401608,147.95703,0.004755271006838845,chr20_2434947_C_T_b38,-804245,34,40,0.1,1,0.003322805988844426,-0.33534485,0.11249636,0.1725827417258274,0.17264635565967898,0.42078681666158313,0.00023699072866823384
ENSG00000088812,313,1.040383,88.882576,147.32906,0.004203646618394734,chr20_3046574_G_A_b38,-424468,62,73,0.1825,1,0.0028505227881060534,0.15532899,0.051259775,0.29887011298870114,0.29387372874721746,0.5550948209669662,0.00012003992002868696
ENSG00000149451,267,1.0218167,92.4939,150.87042,0.009658125448539154,chr20_3849827_T_C_b38,167579,112,131,0.3275,1,0.007693466454593104,-0.19477154,0.07215405,0.5845415458454155,0.5826712102826426,0.7461702881208981,0.00010532735783206174
ENSG00000088827,553,1.0470744,147.16136,144.76134,0.008747233731338634,chr20_3832347_T_C_b38,125217,2,3,0.0075,1,0.005837509656452094,-0.65359735,0.23390521,0.7125287471252875,0.7082910724084209,0.792335813758493,7.487199775629483e-05
ENSG00000101220,302,1.0033717,89.962906,150.4207,2.416164430538755e-05,chr20_3705660_G_A_b38,-62729,18,20,0.05,1,1.3288676720923397e-05,-0.5192074,0.11550789,0.0014998500149985001,0.002123888024762105,0.019256584757843084,9.863124768418779e-05
ENSG00000125817,441,1.0222164,116.130615,149.2274,0.015698211435776807,chr20_3773176_G_C_b38,-13516,10,12,0.03,1,0.012355721380233853,-0.35919422,0.14194584,0.8324167583241676,0.8352215988285978,0.8489546893922966,8.405954092566341e-05
ENSG00000101224,441,1.0398173,102.770096,144.04863,9.636461695768607e-05,chr20_3766216_G_C_b38,-20558,105,128,0.32,-1,3.94775796392228e-05,0.25065172,0.059278753,0.007599240075992401,0.008060620688201738,0.04808089533313316,0.00010354003821394015
ENSG00000275491,210,1.0147215,71.80299,155.75975,0.019228690228995142,chr20_3969555_G_A_b38,161196,57,62,0.155,1,0.017652885416484587,0.283073,0.118062876,0.7459254074592541,0.7469280105944391,0.8023871203858113,0.0001309330891796726
ENSG00000125843,210,1.0224341,64.15261,150.37569,0.012301743879426208,chr20_4687682_T_G_b38,867156,98,116,0.29,1,0.009808926184751078,0.15346123,0.058712106,0.5422457754224578,0.5375489375307662,0.7167605344016124,0.00015231450127398835
ENSG00000088888,235,1.034934,75.10822,148.63234,5.328464415065647e-05,chr20_3961531_A_C_b38,114730,140,186,0.465,1,2.754075728042497e-05,0.24008243,0.055602785,0.0029997000299970002,0.0032447123356791536,0.025360969980020964,0.0001383504652403236
ENSG00000229539,320,1.0537287,94.19085,144.2491,6.921368234597808e-10,chr20_3970203_T_C_b38,81363,46,51,0.1275,1,8.194879221476484e-11,0.80337226,0.11539243,9.999000099990002e-05,2.6180762459770997e-08,9.890510262580153e-07,0.00012070707847443619
ENSG00000125779,320,1.0109491,94.09798,145.01805,0.015759057719139536,chr20_3713437_G_A_b38,-175434,90,107,0.2675,1,0.011196321898774633,-0.20825437,0.081149675,0.7768223177682232,0.7721892762923741,0.8178951836118603,9.802447806165138e-05
ENSG00000101236,273,1.0463126,85.67117,144.87982,0.0017917786658945265,chr20_3857752_T_A_b38,-157832,4,4,0.01,1,0.001030093514862359,0.9596205,0.2870045,0.12458754124587541,0.12777582855459418,0.3715708227784181,0.00012812717018706628
ENSG00000171867,177,1.0121268,45.297512,148.78098,0.02386141884794547,chr20_3798355_G_A_b38,-887883,25,27,0.0675,1,0.019115788567053767,-0.19168894,0.08097493,0.6655334466553344,0.6601768177381155,0.7802988380831651,0.00020482499253720468
ENSG00000089057,656,1.0315857,169.18939,146.77475,0.0031759308903950858,chr20_4818182_G_A_b38,-192113,19,20,0.05,1,0.002065458022496934,-0.38331178,0.12238882,0.4036596340365963,0.400891310909946,0.6223883365725188,6.043236630405763e-05
ENSG00000089063,735,1.0269699,194.57677,148.33739,0.0004335956340061717,chr20_5452953_G_A_b38,339848,11,11,0.031609192,1,0.0002572841504976678,0.5104696,0.13654143,0.0756924307569243,0.07479072290092309,0.2712239278378337,5.1369205587759885e-05
ENSG00000132646,406,1.0320319,107.953224,151.03159,0.03993751281827948,chr20_4747107_A_C_b38,-379521,1,1,0.0025,1,0.03445494301946429,-1.3009336,0.60992545,0.9861013898610139,0.986822713184649,0.875907151035902,9.491279064718978e-05
ENSG00000101290,406,1.0157497,112.01072,152.75394,0.005068930465536168,chr20_4671794_A_G_b38,-454994,16,17,0.0425,1,0.004123779644388156,0.420179,0.14436881,0.42325767423257676,0.4263557693159932,0.6357936910852529,8.437419782565943e-05
ENSG00000125772,263,1.025946,58.391373,144.29994,0.020133574036982255,chr20_5749387_G_T_b38,138359,1,1,0.0025,1,0.01438831445212618,-1.1945794,0.4827697,0.6848315168483151,0.6850041799868173,0.7802988380831651,0.0001702764573010523
ENSG00000171984,253,1.0312653,87.808754,149.76956,0.005026545687931479,chr20_5603022_G_A_b38,-147373,61,70,0.175,1,0.0037332198344132896,0.32678854,0.11103604,0.34426557344265574,0.34273386930017763,0.5797488336420914,0.00011624497371204763
ENSG00000101311,125,1.0133917,30.971615,148.32414,0.05295489546733888,chr20_7271614_C_T_b38,1148068,44,46,0.115,1,0.04440325462225732,0.23740885,0.11716827,0.8066193380661933,0.8108832010506298,0.8364192737336628,0.0003014544182490178
ENSG00000125845,46,1.0096185,17.31988,155.1457,0.024070379690301714,chr20_8289858_C_T_b38,1522192,25,30,0.075,1,0.02195546599833955,0.27924982,0.12069298,0.3478652134786521,0.3397475239313367,0.5790183365245838,0.0005287369286955529
ENSG00000101323,186,1.0362438,58.21158,147.91573,0.0143019232731798,chr20_8189306_G_A_b38,248830,7,8,0.02,1,0.010833897324544657,-0.30164507,0.11699957,0.5532446755324467,0.5510699854871377,0.7241772542899684,0.00017963148307674693
ENSG00000132639,219,1.0420698,71.56699,147.42278,0.03455705474965293,chr20_9520759_C_T_b38,-698073,5,5,0.0125,1,0.02765719850960461,-0.8432858,0.37944484,0.9158084191580842,0.9131151658698419,0.8709587082251176,0.0001502871132715387
ENSG00000125863,57,1.028772,31.473795,152.16219,0.08300407185473065,chr20_10222309_C_A_b38,-211915,30,32,0.08,1,0.07544587785145915,0.17092417,0.09552167,0.9314068593140686,0.9311293026376051,0.8709587082251176,0.00032024236303369093
ENSG00000149346,57,1.0052543,32.14885,154.7133,0.020900678582201425,chr20_11552410_C_A_b38,1117105,15,15,0.0375,1,0.018822339788612766,-0.33286694,0.14026147,0.49255074492550743,0.4903841956211455,0.7011195806487713,0.00027864772251308314
ENSG00000101384,156,1.0355996,68.475426,150.43047,0.035324675041744066,chr20_11043877_T_A_b38,369768,14,14,0.035,-1,0.029950685362970988,-0.3707458,0.16926832,0.9119088091190881,0.9093434126436566,0.8709587082251176,0.00015223875248837837
ENSG00000089123,168,1.028586,53.559376,151.49109,0.0001513263335552144,chr20_13421792_G_A_b38,-217150,141,176,0.44,-1,9.853368841166097e-05,-0.24858056,0.062226355,0.005699430056994301,0.006949851204980121,0.04257566503951786,0.0001880638144140433
ENSG00000125848,244,1.0229086,70.842155,149.45361,1.1864342275789933e-06,chr20_14698851_A_G_b38,361233,115,133,0.3325,1,4.984289063898307e-07,-0.4794246,0.091478966,9.999000099990002e-05,6.71345568576386e-05,0.0010144777480709834,0.00013826057042394616
ENSG00000125870,179,1.0288057,59.072906,146.87457,0.003913950700727744,chr20_16355249_A_G_b38,-374714,112,141,0.3525,1,0.0025988771577106664,-0.108022474,0.035305366,0.19958004199580043,0.1955212787059341,0.45636132078088754,0.0001707009708084739
ENSG00000125864,282,1.0094647,71.762726,149.10907,0.00020143065925680583,chr20_17532504_T_C_b38,-36718,70,82,0.205,1,0.00011763072549589377,-0.4100699,0.10385721,0.013398660133986601,0.013733515338992636,0.07392886617958315,0.0001275624982537273
ENSG00000125868,282,1.0040529,64.95359,145.26375,0.05052023323385474,chr20_17942649_C_T_b38,372784,5,5,0.0125,1,0.04010642925228566,0.48511916,0.23441307,0.9645035496450355,0.9652353441435589,0.875907151035902,0.0001370836949954631
ENSG00000125844,224,1.0055639,50.442276,145.83899,2.1862685254800498e-06,chr20_17861674_G_A_b38,179377,50,52,0.13,-1,7.023289320901579e-07,-0.34330687,0.06645108,9.999000099990002e-05,0.00010458118708505602,0.0014815668170382933,0.00017788952651224968
ENSG00000125850,70,1.0310956,29.297915,153.05782,0.002085997762019063,chr20_17501695_G_C_b38,-557495,3,3,0.0075,1,0.0016498189586008722,1.7169709,0.53631717,0.052394760523947606,0.05368293944340568,0.22123878073645975,0.00034794602607155493
ENSG00000125846,103,1.0123177,45.76315,156.6946,0.0033379484603435197,chr20_18156439_A_G_b38,-131846,4,4,0.01,1,0.0030203439770234613,0.66670465,0.22137183,0.13998600139986,0.13786162073153527,0.374053498609245,0.00020293738182847892
ENSG00000089091,247,1.0399518,69.259766,149.34068,0.00490318059240199,chr20_18506862_T_C_b38,39734,32,38,0.095,-1,0.0035875322184528036,0.35715088,0.120819725,0.2745725427457254,0.2707569878641462,0.533665947094549,0.00015371777959223123
ENSG00000132664,247,0.99846625,69.84332,152.38177,0.03262456683111573,chr20_18088807_T_C_b38,-378477,104,123,0.3075,-1,0.028553016280134326,-0.1498886,0.067835115,0.901009899010099,0.9016527741146803,0.8709587082251176,0.00012385774353265215
ENSG00000101310,293,1.0176208,82.00233,147.20505,5.122082978157588e-06,chr20_18287611_C_G_b38,-219884,6,6,0.015,1,1.9903895938589485e-06,-0.58418536,0.118363164,0.0004999500049995,0.0003634545667087972,0.0039230016724124146,0.0001163348190072217
ENSG00000185052,230,1.0365145,65.32165,147.99347,0.0001714178658489655,chr20_18724011_G_A_b38,-488637,134,170,0.425,1,9.316128818079303e-05,0.25754395,0.06423541,0.009499050094990502,0.009304177027978021,0.05407555879508592,0.00016029637519023165
ENSG00000268628,258,1.051703,93.680824,148.39949,0.012931637330450413,chr20_21514349_G_A_b38,1756310,60,65,0.1625,1,0.00984332198782619,-0.35610703,0.13630664,0.6902309769023097,0.6848293494886518,0.7802988380831651,0.00012021079967078025
ENSG00000233895,258,1.0208392,97.65603,150.59187,0.011446424244275156,chr20_19866840_A_G_b38,108690,56,60,0.15,1,0.009138881675229233,-0.32747528,0.1240938,0.6713328667133287,0.6667151431775159,0.7802988380831651,9.927566428214806e-05
ENSG00000101343,59,0.99987805,31.17265,153.46074,0.05416001528037556,chr20_19688003_G_A_b38,-368045,5,5,0.0125,1,0.049265924753744854,-0.42065227,0.2123063,0.8225177482251775,0.8237646330396267,0.8410810067071262,0.0002795268196096977
ENSG00000188559,84,0.9997661,32.219315,153.02661,0.02144331218028185,chr20_20727009_T_C_b38,14519,16,16,0.04,1,0.01866890692484358,-0.36178213,0.15224472,0.4998500149985001,0.5027333262936812,0.7024127682184698,0.0002702907960834953
ENSG00000259974,263,1.0329318,77.695015,151.94633,0.007227027706759237,chr20_22513016_A_G_b38,-65628,26,27,0.0675,-1,0.005838881873137752,0.4402648,0.15756363,0.41415858414158585,0.4148781563613971,0.6288820363515317,0.0001324473007602077
ENSG00000125798,263,1.0337442,73.49295,149.68015,0.003456026962377978,chr20_22432447_A_G_b38,-153010,20,22,0.055,1,0.0024994514758885063,-0.47570047,0.1548494,0.2104789521047895,0.2109814204663618,0.46884760103635953,0.00014057375282996125
ENSG00000178726,358,1.0442706,97.623924,148.81105,0.002840182851175285,chr20_23350504_T_G_b38,300761,44,49,0.1225,-1,0.0019677577944403,-0.23765764,0.07551875,0.22847715228477153,0.22405151524814257,0.48357737858031796,0.00011135315376778334
ENSG00000125810,320,1.0520198,80.84727,148.30798,0.0019843635350766053,chr20_23113786_T_TA_b38,27444,11,11,0.0275,1,0.0013156380341128454,0.36069682,0.11029479,0.128987101289871,0.13161681998111838,0.3715708227784181,0.00013949389067480914
ENSG00000132661,329,1.0285858,88.91236,149.19493,9.55271603879067e-07,chr20_22807350_CAT_C_b38,-543388,5,5,0.0125,1,3.8635954798034103e-07,-1.0684217,0.2017522,0.00019998000199980003,6.41814795274728e-05,0.0010144777480709834,0.0001133026764885785
ENSG00000232645,329,1.0336565,91.88941,151.08502,0.005293803737633933,chr20_23437068_A_G_b38,78950,145,187,0.4675,1,0.004105410474404052,0.23973477,0.08232861,0.3722627737226277,0.3698342735213426,0.6017412285200209,0.00011238922775614974
ENSG00000270001,157,1.0371809,38.673126,151.042,0.026424926713419523,chr20_23657689_ACTG_A_b38,25371,10,10,0.025,1,0.022312744902898172,-0.6513077,0.2822664,0.6325367463253675,0.6294424349628288,0.7721445707299489,0.00027155958477816436
ENSG00000101439,157,1.0188098,37.79779,149.7143,0.052877733415656214,chr20_23418667_C_G_b38,-219808,146,188,0.47,1,0.04533542745415177,-0.13931768,0.069061264,0.8697130286971303,0.8677643939660757,0.8650692940393002,0.00025384589985319087
ENSG00000077984,286,1.0162297,65.30736,148.43239,0.0012604158167168267,chr20_24219811_TAGTGAAGCTGCAGACCTTCGCGGTGAGTGTTACAGCTCTTAAGGCAGCGCGTCTGGAGTTGTTCGTTCCTCCCAGTGGCCTCGTGGTCTCTCTGGGCTCAGG_T_b38,-729421,5,6,0.015,1,0.0008123547356744165,0.7077935,0.20734707,0.0724927507249275,0.07538429759022144,0.2712239278378337,0.00014505115881877607
ENSG00000101474,522,1.020918,76.44422,144.1995,9.492670482873232e-09,chr20_24949895_G_A_b38,-43086,5,6,0.015,1,1.4770589779573785e-09,-0.9384962,0.14617541,9.999000099990002e-05,5.351434632900823e-07,1.3477687223602069e-05,0.00012686712435080368
ENSG00000154930,309,1.0117718,67.82304,151.01894,0.007024998529880321,chr20_24986579_T_C_b38,-72403,5,6,0.015,1,0.005521677695441352,-0.63161397,0.22452475,0.37646235376462356,0.3743784864571041,0.6018377560066921,0.00013656283846098297
ENSG00000197586,423,1.0219605,73.95173,148.14204,0.0014215262500791182,chr20_25235479_G_A_b38,39784,31,31,0.0775,1,0.0009135517480092575,-0.41292405,0.12219951,0.09609039096090391,0.09410329912943062,0.3136776637647687,0.0001318251399472532
ENSG00000277938,416,1.0283794,69.96961,148.14812,0.00024482570204216355,chr20_25401526_G_T_b38,172374,3,3,0.0075,1,0.00013786471073700673,1.3988845,0.35809058,0.013398660133986601,0.014951885064155034,0.07702486245170774,0.0001438224086802973
ENSG00000274414,318,1.0312825,52.069866,142.74232,0.0008132124128419773,chr20_25641203_T_C_b38,395972,4,4,0.01,1,0.0003917896694025272,1.5089194,0.41657645,0.0364963503649635,0.03706451233712303,0.16473116594276901,0.0001960162865884749
ENSG00000100994,318,1.0315181,53.340763,143.11731,5.2195310816535837e-05,chr20_25640855_CT_C_b38,392784,76,83,0.2075,1,1.883096238688407e-05,0.28549507,0.06472542,0.0015998400159984002,0.0022790632061798835,0.019868756156440005,0.00019156838013567747
ENSG00000101003,282,1.0089039,49.35614,145.39433,0.003780606049657709,chr20_25143452_G_A_b38,-264277,103,127,0.3175,-1,0.0023786988589767567,0.18820187,0.060953017,0.17048295170482952,0.16729584272819473,0.4167075936086901,0.00018493323490064643
ENSG00000101004,68,0.99006265,17.247816,149.73042,0.04063263904998943,chr20_25848092_T_C_b38,262573,7,7,0.0175,1,0.03429983680723291,0.34780473,0.16292126,0.5130486951304869,0.5157291999813389,0.7066982119181066,0.00047996720733147483
ENSG00000125968,42,0.9903893,18.01564,157.01453,0.0025336824330425617,chr20_31558347_G_T_b38,-46938,9,9,0.0225,1,0.002304091314200565,0.71195084,0.22983316,0.04789521047895211,0.04619908964096759,0.19758101230099342,0.00046029987426359224
ENSG00000131055,90,1.0237099,35.981136,149.85583,0.011608508881276314,chr20_31727014_AAGAATCCC_A_b38,89124,94,118,0.295,1,0.009103955441156525,0.23372686,0.08852321,0.33286671332866713,0.3319005489866246,0.5767326616778734,0.00027323987238808554
ENSG00000088356,60,0.994931,28.18323,153.49544,0.011768799966349367,chr20_32044279_C_T_b38,92185,49,51,0.1275,-1,0.010111555030241092,0.24440944,0.093897454,0.28647135286471354,0.2859899663717605,0.5447427930890676,0.0003013254171267815
ENSG00000126003,132,1.0335293,47.763107,152.27457,0.008970583644779543,chr20_32440206_T_C_b38,232413,117,146,0.365,1,0.007387494346149333,-0.1597299,0.05886514,0.3347665233476652,0.33397824996666625,0.5767326616778734,0.00021603938972385365
ENSG00000101346,132,1.013042,46.126072,151.6072,0.029625069791566074,chr20_32282123_A_G_b38,74241,17,17,0.0425,1,0.025440082073435445,0.26817822,0.11888535,0.7468253174682532,0.7457600214961784,0.8023871203858113,0.00020208007305945195
ENSG00000277692,73,1.0192306,20.81971,150.31305,0.057297503984753535,chr20_32284013_T_C_b38,-71042,8,8,0.02,1,0.049817057652050654,0.49300104,0.24943133,0.7019298070192981,0.7000924348890636,0.7894906396758924,0.00046168022485334976
ENSG00000171456,73,1.0027212,20.127905,149.66127,0.13858695231443546,chr20_32785182_C_T_b38,426836,5,5,0.0125,1,0.12563564210110362,-0.29652646,0.1926009,0.9514048595140486,0.9500949606553278,0.8720142121804284,0.00043926493436220726
ENSG00000149600,61,1.009572,29.47484,153.40825,0.001224530648797801,chr20_32786714_A_G_b38,42715,142,185,0.4625,1,0.0009597933392115369,0.24603336,0.07312582,0.033596640335966405,0.034223491100609356,0.15514649298942906,0.0003106896366860708
ENSG00000101367,194,1.0115596,59.070072,152.07495,0.07193246473039835,chr20_33273865_C_G_b38,453970,76,84,0.21,1,0.06489372538498045,-0.082352035,0.044304106,0.9873012698730127,0.9875264009337289,0.875907151035902,0.00015662643534877468
ENSG00000260257,108,1.0032548,44.154747,151.84703,0.01644349509783768,chr20_32947764_T_A_b38,91141,119,139,0.3475,-1,0.013790076133069597,-0.123457745,0.049578287,0.5167483251674833,0.5175525140223781,0.7066982119181066,0.00020082076920487
ENSG00000215529,108,1.010477,43.469437,150.45982,0.02456004046966713,chr20_33368662_A_G_b38,509737,42,44,0.11,-1,0.020413248468008384,-0.36615798,0.15634504,0.657034296570343,0.6564291782621542,0.7802988380831651,0.00021165855644156382
ENSG00000101391,191,1.0013506,85.083916,154.08313,0.0022053225790133416,chr20_32704117_GGGCA_G_b38,-697446,121,141,0.3525,1,0.001811601389288118,-0.16625057,0.052401744,0.17468253174682533,0.17076288145668994,0.42072014271938096,0.00010320457394120347
ENSG00000078699,209,1.030335,79.80731,151.43147,8.528540525719572e-05,chr20_33393626_G_A_b38,-96451,118,143,0.3575,-1,5.367388563698842e-05,0.19586346,0.0471851,0.005499450054994501,0.0057555318036041515,0.038370212024027676,0.00012731501204097165
ENSG00000275223,250,1.0219336,81.60634,153.08678,0.005094662020419728,chr20_32949721_A_G_b38,-706704,117,137,0.3425,-1,0.004186790811519676,-0.31278834,0.107655406,0.33286671332866713,0.3305150820396143,0.5767326616778734,0.00011944641955907717
ENSG00000182584,220,1.0083104,59.491444,152.50818,1.2239267804001877e-06,chr20_33438544_C_G_b38,-227956,149,194,0.485,1,6.700805572646431e-07,-0.4221796,0.08155597,0.00029997000299970003,6.703512149370995e-05,0.0010144777480709834,0.0001529681478887461
ENSG00000125967,220,1.0082165,58.188374,150.31642,0.015410105448693298,chr20_34122773_G_A_b38,448308,6,6,0.015,1,0.012431217007316314,-0.62824625,0.24848793,0.5906409359064093,0.5912401014842802,0.7528900168713679,0.00015631826835090111
ENSG00000101412,123,1.0270452,43.39327,150.29517,0.0003684790990108141,chr20_33495895_G_T_b38,-190511,9,9,0.0225,1,0.0002376174013169681,-0.7459009,0.19836327,0.010998900109989001,0.014024740789950335,0.07392886617958315,0.00023035067966135575
ENSG00000230753,264,1.0380304,87.41467,150.77467,0.006335175009157443,chr20_34279558_A_T_b38,468459,10,10,0.025,1,0.004916511294979927,-0.7622773,0.267267,0.41515848415158485,0.4078733464688436,0.6288820363515317,0.00012067696294447215
ENSG00000101421,264,1.0336082,86.56961,149.55109,0.02725592307082117,chr20_34282141_G_A_b38,470835,19,19,0.0475,1,0.02237691578518636,0.15576771,0.067540094,0.9037096290370963,0.9031261282341747,0.8709587082251176,0.00011926585108424556
ENSG00000125970,85,1.0315517,32.37675,152.3904,0.007496392342150113,chr20_33394393_T_C_b38,-599255,26,26,0.065,-1,0.006141861524163084,-0.26191875,0.09431739,0.20637936206379362,0.20368902519324245,0.4571238849221282,0.0003155816993899145
ENSG00000228265,85,1.0326202,32.93185,152.4263,0.008631325483834324,chr20_33393626_G_A_b38,-600733,118,143,0.3575,-1,0.007124109889099161,-0.19851455,0.07282105,0.23687631236876314,0.23460744957379004,0.4907448654423442,0.0003118871568910275
ENSG00000125977,104,1.0096334,38.140137,150.9671,0.009657129597523646,chr20_34702001_A_C_b38,589667,7,7,0.0175,1,0.007712243406543293,0.26970533,0.09994507,0.3060693930606939,0.30489856239240576,0.5585472190991531,0.00024019432251531027
ENSG00000101440,242,1.0108104,50.357914,148.43361,0.026321139375727203,chr20_34287692_A_G_b38,93121,37,38,0.095,-1,0.021074461065537745,-0.25796905,0.11073319,0.7342265773422658,0.735201500547016,0.8023871203858113,0.0001830209790181904
ENSG00000272945,231,1.0082349,48.696243,150.66638,0.002345870516932337,chr20_34189818_C_G_b38,-96650,10,15,0.0375,1,0.0017146104131478801,-0.62237406,0.19512752,0.10728927107289271,0.10577114081926099,0.3329832210976734,0.00018680074634371406
ENSG00000101444,231,1.0305034,45.81493,146.98528,0.013398685861616893,chr20_34191573_T_C_b38,-120231,59,71,0.1775,1,0.009865409174871036,-0.17344442,0.06640943,0.44855514448555145,0.4462841078435678,0.6568683838390175,0.00022191782752203958
ENSG00000125971,297,1.026586,53.164185,145.95117,0.0031406583472876424,chr20_34404360_C_T_b38,-112051,11,12,0.03,1,0.0019816045440290936,-0.38539258,0.12254828,0.144985501449855,0.1450464620263379,0.37636369436944384,0.00018760445975750812
ENSG00000101460,307,1.0398911,58.852177,145.80396,5.854058062366105e-09,chr20_34694394_G_C_b38,147538,132,178,0.445,1,1.0701849451033007e-09,0.25719038,0.039678343,9.999000099990002e-05,1.8707626307303012e-07,6.057707566174308e-06,0.000180837172989357
ENSG00000078804,167,0.9879569,40.625023,149.5514,0.016810902455640982,chr20_34555069_G_A_b38,-149223,61,67,0.1675,-1,0.01339108754619067,0.19605951,0.07839279,0.502049795020498,0.5035965467638898,0.7024127682184698,0.0002015153670096145
ENSG00000198646,284,1.03903,63.553112,143.71167,0.001542592650376814,chr20_34558653_G_A_b38,-266998,3,4,0.01,1,0.0008324575804846018,0.9049356,0.26565647,0.0836916308369163,0.08386547301549198,0.2837239883111171,0.00016677218282189432
ENSG00000100991,345,1.0359488,68.6154,145.88516,7.298712281923893e-07,chr20_34985176_C_T_b38,-107697,59,66,0.165,1,2.1244554635800034e-07,-0.41413784,0.07636391,9.999000099990002e-05,3.4546379890105156e-05,0.0006525427312575417,0.0001521860376320931
ENSG00000125966,180,1.036968,48.2926,148.33109,0.012357575581161335,chr20_34854244_G_A_b38,-372412,15,16,0.04,1,0.00935978154827509,-0.47873014,0.1819944,0.43985601439856015,0.43365542278601915,0.6424524782015097,0.00021726975169656743
ENSG00000126005,120,1.0088004,23.388079,147.1835,3.2506604232004875e-05,chr20_35133117_T_C_b38,-145016,35,36,0.09,1,1.4717414074966447e-05,-0.4502984,0.10072745,0.00029997000299970003,0.0007109087187365779,0.007006056938273521,0.00038998290406181264
ENSG00000242372,120,1.0223289,24.49846,149.07524,0.028071697293555256,chr20_35132142_T_C_b38,-152845,11,11,0.0275,1,0.02287021473120484,-0.24664158,0.107339606,0.49355064493550643,0.4916139137652357,0.7011195806487713,0.0003984876311219666
ENSG00000101019,316,1.0222629,60.20916,146.53258,0.0001278126172654936,chr20_35352170_G_C_b38,-59973,90,109,0.2725,-1,6.24468378456459e-05,0.26273823,0.0638887,0.006199380061993801,0.006814631360680058,0.04257566503951786,0.00016214973006361774
ENSG00000126001,340,1.0383693,60.113586,143.92268,0.042985089864366166,chr20_35130826_C_T_b38,-324340,7,9,0.0225,1,0.03282028561265596,0.39101845,0.18161924,0.9227077292270773,0.9236620721221858,0.8709587082251176,0.00017574897049861657
ENSG00000125991,259,1.0186371,52.642456,148.82756,0.00923744544322514,chr20_35695325_G_C_b38,153302,8,8,0.02,1,0.00694656685711978,0.44883573,0.1641217,0.3818618138186181,0.3774988568823458,0.6023951790822779,0.0001821255169250019
ENSG00000224497,259,1.0312178,53.84888,151.18657,9.561348554534539e-18,chr20_35461354_A_C_b38,-83395,52,54,0.135,1,1.0810406979201083e-18,1.0238221,0.10200289,9.999000099990002e-05,1.6931302912970536e-16,3.837761993606654e-14,0.00018948293162788314
ENSG00000088340,292,1.0193688,62.709976,149.93045,0.020834555521884648,chr20_36612449_G_A_b38,1004885,8,8,0.02,1,0.01696054031285095,-0.47999525,0.19893621,0.7258274172582742,0.726029941372642,0.8020783261365105,0.000153454214929998
ENSG00000061656,292,1.0266969,64.01657,149.66371,0.0023232968321557825,chr20_35556975_A_G_b38,-58919,33,35,0.0875,1,0.0016371777363615551,-0.2862488,0.08934753,0.1357864213578642,0.12988049576751762,0.3715708227784181,0.00015589518302854647
ENSG00000244462,141,1.0077933,30.665411,151.78302,0.06688570020013761,chr20_35551229_G_A_b38,-103974,9,10,0.025,1,0.0598975122774386,-0.31889918,0.16828549,0.8773122687731227,0.8787803610591459,0.8698262671327789,0.00029593936439392313
ENSG00000214078,141,1.0137304,31.054436,152.55458,1.2484196279635549e-08,chr20_35539003_T_C_b38,-125758,48,50,0.125,1,5.520084905539449e-09,-0.7080812,0.11485385,9.999000099990002e-05,3.1477533834055864e-07,8.918634586315826e-06,0.0003011648540513076
ENSG00000244005,422,1.0324837,60.318245,145.00104,0.02261188475730489,chr20_35742661_G_C_b38,43388,31,33,0.0825,1,0.01660530600106861,0.22019996,0.09096149,0.7389261073892611,0.7371162816356656,0.8023871203858113,0.00017021707744015684
ENSG00000125995,422,1.020926,65.126495,149.14636,0.04095129293143226,chr20_35748165_G_A_b38,48803,9,9,0.0225,1,0.03423180661540783,-0.32656544,0.15291348,0.9314068593140686,0.9317763644975964,0.8709587082251176,0.000148914944372514
ENSG00000131051,101,1.0175959,22.512104,149.47359,0.045666842866695666,chr20_35702819_CTG_C_b38,-39495,7,7,0.0175,1,0.03865331720861951,-0.30607015,0.14679317,0.6475352464753524,0.6436033038811477,0.7759756146084759,0.0004235228680116065
ENSG00000025293,136,1.005186,27.228407,151.87656,0.12563925238941465,chr20_35565852_G_A_b38,-206124,12,12,0.03,1,0.11593131400905356,0.27162698,0.17184435,0.9747025297470253,0.9738848570403129,0.875907151035902,0.0003288739855834433
ENSG00000171222,217,1.0374272,47.73316,148.21065,0.03568318670371788,chr20_35495288_C_T_b38,-464186,8,8,0.02,1,0.029055411793969997,0.42062783,0.19097176,0.8171182881711829,0.8134119881311438,0.8364192737336628,0.0002203039173739508
ENSG00000088367,316,1.0490516,78.38637,148.8249,0.007427449228531259,chr20_36362365_G_A_b38,270859,6,6,0.015,1,0.005502218096065298,1.1231842,0.39909792,0.42505749425057493,0.41894641539300576,0.6288820363515317,0.00014186562190224137
ENSG00000131043,84,1.0076207,26.870848,150.42503,0.003246714121811689,chr20_36875237_T_G_b38,638776,103,121,0.3025,1,0.002398259916191542,0.12864275,0.04169845,0.0807919208079192,0.08186657488018023,0.2837239883111171,0.00033742036691126044
ENSG00000232907,180,1.0257071,52.389507,148.89767,0.017932631344552127,chr20_36929460_C_T_b38,356067,5,5,0.0125,1,0.014129629125699037,0.6833897,0.27543184,0.6018398160183982,0.6012230400093059,0.7570956800117185,0.0001895532475292786
ENSG00000118707,180,1.0066597,55.91657,152.53816,0.002622477069955595,chr20_36924184_C_T_b38,350694,4,4,0.01,1,0.0020576125346039044,-0.95646256,0.30527627,0.1321867813218678,0.1344212094168983,0.3715708227784181,0.00016137950989387087
ENSG00000101084,197,1.0263722,75.95586,151.25192,0.0025231098935048885,chr20_36541662_G_C_b38,-64074,7,7,0.0175,1,0.0018902275687332876,-0.37361982,0.118253835,0.16568343165683433,0.16508954786698543,0.4157810835168521,0.0001311858844733884
ENSG00000101082,164,1.0113426,53.14784,149.63496,0.008209279137043612,chr20_37127415_T_C_b38,481197,63,69,0.1725,-1,0.006263631136676147,0.22656146,0.08178249,0.35176482351764826,0.3493304498292936,0.582217416382156,0.00017388439860074276
ENSG00000101079,161,1.024107,59.52525,148.12619,0.017035853754223448,chr20_36583999_A_G_b38,-162081,18,18,0.045,-1,0.013137216251054207,0.30426553,0.12131645,0.6305369463053695,0.6302062305222378,0.7721445707299489,0.00016552074291365814
ENSG00000149636,143,1.0013362,50.091934,153.74939,0.004240486153312714,chr20_36608799_A_G_b38,-165021,22,22,0.055,1,0.003529286261642699,0.42082766,0.1421048,0.1952804719528047,0.19121980026969715,0.45149119508122937,0.00017527831843407185
ENSG00000101347,33,0.97905064,17.245234,157.7254,0.006666583482415032,chr20_37306114_G_A_b38,354269,44,46,0.115,1,0.006283465837681425,-0.21553935,0.07783416,0.11748825117488251,0.11499448877213317,0.3515160250894943,0.00045276334384474983
ENSG00000080839,166,1.0350343,48.385185,148.81485,0.024447055612337246,chr20_37201376_T_C_b38,105590,68,75,0.1875,-1,0.019630883332882373,-0.1916566,0.081311986,0.6903309669033096,0.6845987062467886,0.7802988380831651,0.0002148301389908426
ENSG00000118705,303,1.0228434,97.072556,152.49579,0.0468954742746639,chr20_36791709_TTG_T_b38,-386703,9,9,0.0225,1,0.041779746496940225,-0.18993269,0.092550814,0.988001199880012,0.990057478114038,0.875907151035902,0.00010087414735507473
ENSG00000101353,303,1.0049112,89.43146,148.78587,0.0002104883853105713,chr20_37137699_G_A_b38,-41891,80,94,0.235,1,0.00012121206599092252,-0.24808788,0.062958315,0.017798220177982202,0.018251822719089664,0.09193510702948865,0.00010000617342757757
ENSG00000101363,231,1.0052744,82.79087,154.81674,0.004480184820715977,chr20_37404225_T_C_b38,114585,5,5,0.0125,1,0.0038579586301869264,0.76832986,0.26201966,0.31396860313968605,0.3080223634737977,0.5585472190991531,0.00010822857959893397
ENSG00000197122,125,1.0161332,44.563385,155.00443,0.015413194504167635,chr20_37529928_C_A_b38,185241,7,7,0.0175,1,0.013840633447163886,-0.71031344,0.2854034,0.4911508849115088,0.49181476466097646,0.7011195806487713,0.0002124490413901094
ENSG00000053438,218,1.0055354,57.529175,146.9934,0.01887078282215482,chr20_37338056_T_C_b38,-183161,6,6,0.015,1,0.014281908094475118,-0.7851668,0.3169595,0.662933706629337,0.6635367611290443,0.7802988380831651,0.00015595566455804886
ENSG00000276603,218,1.0258102,55.47109,145.25192,0.028903816144420454,chr20_37263442_G_GC_b38,-263620,2,2,0.005,1,0.02182534960774293,1.5306998,0.66091347,0.7992200779922007,0.7959672041105921,0.8276111602373127,0.0001791176163339039
ENSG00000166619,218,1.0249138,57.58128,146.30934,0.01726502556777162,chr20_37291698_A_G_b38,-236235,34,35,0.0875,1,0.012764014098542416,0.20163634,0.08005861,0.6244375562443756,0.6225083932650222,0.7710486473956558,0.00017179224392464425
ENSG00000132792,29,1.0143683,14.454466,155.30936,0.006238868512221967,chr20_37126562_G_A_b38,-567395,3,3,0.0075,1,0.005501877851082532,0.8476876,0.30120426,0.08299170082991701,0.0830569088608909,0.2837239883111171,0.0006488338597558813
ENSG00000132821,250,1.0306872,76.10298,149.6945,7.287986815540994e-05,chr20_37995468_T_A_b38,92362,81,95,0.2375,1,4.106795380838564e-05,-0.35402972,0.08392387,0.0044995500449955,0.004654761774805675,0.03403481727814901,0.0001337411784759187
ENSG00000198959,199,1.0113487,57.715656,147.84729,0.05101602943821658,chr20_38351693_G_T_b38,185113,120,157,0.3925,1,0.042334229047993936,-0.05780155,0.02824279,0.9448055194480552,0.9502390165083787,0.8720142121804284,0.00016012996721809727
ENSG00000101425,121,1.0109931,43.106026,155.52216,0.0262514820068672,chr20_37888952_A_C_b38,-371199,128,172,0.43,1,0.024174769320046013,0.17208548,0.075610034,0.6793320667933207,0.6779765592522098,0.7802988380831651,0.00021400251154756557
ENSG00000149633,121,1.0073026,41.194675,153.0722,0.0037297528250781462,chr20_37919369_A_G_b38,-341405,66,76,0.19,1,0.0030241926509775225,-0.27948293,0.092811786,0.14358564143585642,0.1402700619784669,0.374053498609245,0.00021976219269996447
ENSG00000129988,259,1.0160397,95.87124,152.32507,0.0038691990906920245,chr20_37891644_G_A_b38,-454714,1,1,0.0025,1,0.0030689760186512647,0.8596843,0.28593573,0.30316968303169683,0.3029997697452829,0.5585472190991531,9.872038821110018e-05
ENSG00000101447,308,1.0287709,61.086174,145.68967,8.213651465288254e-08,chr20_38968767_G_T_b38,42453,71,76,0.19,1,1.9050423296559596e-08,0.4848476,0.081905544,9.999000099990002e-05,3.4890961654940465e-06,7.908617975119838e-05,0.0001650485804430392
ENSG00000204103,205,0.9940172,72.8215,154.64871,8.198610805166729e-05,chr20_39311814_C_T_b38,-1377428,3,3,0.0075,1,6.167826456981696e-05,1.3005013,0.3159933,0.007099290070992901,0.006153287727438542,0.03984986337769722,0.00011606605535974372
ENSG00000198900,98,1.0315061,43.483795,149.39943,0.05130700392115033,chr20_41409281_G_A_b38,380461,1,1,0.0025,1,0.043686833695350626,0.5991272,0.29467458,0.8909109089091091,0.8932575268557069,0.8709587082251176,0.0002349588225650045
ENSG00000124181,275,1.0278553,74.373985,149.69891,0.0011006260328986074,chr20_41386934_G_A_b38,249972,58,67,0.1675,1,0.0007402240412468079,0.24438512,0.071027964,0.07069293070692931,0.07243993486709178,0.26917571426023174,0.0001349588719220622
ENSG00000226648,275,1.0060211,74.664635,151.54585,0.013528977055823134,chr20_41317131_G_A_b38,179126,13,13,0.0325,1,0.011158334938635592,-0.6914427,0.26930293,0.6408359164083591,0.6357707268383961,0.7747743624553929,0.00012046715041113396
ENSG00000174306,401,1.0352958,96.21628,145.75009,0.000710614459025639,chr20_41159297_T_C_b38,-158377,122,139,0.3475,1,0.00038871781273069395,-0.19972213,0.055104967,0.05729427057294271,0.05919949628192049,0.23135435328566623,0.00010819626414294578
ENSG00000132793,381,1.0248934,86.250694,147.2099,0.0004934188435096463,chr20_41324009_G_A_b38,-16913,89,95,0.2375,1,0.0002801389764846526,0.21944493,0.059066243,0.038396160383961604,0.03811007711091955,0.1661208489450339,0.00011468903377138727
ENSG00000183798,44,1.0086371,19.92609,153.88496,6.556313583050808e-06,chr20_41285356_T_C_b38,-81473,123,147,0.3675,1,4.294886436126516e-06,0.35414654,0.07439381,0.00019998000199980003,0.00012050555135308938,0.001606740684707858,0.00045732925151972505
ENSG00000124177,40,0.98872364,22.30486,156.3501,0.0001874648313546909,chr20_41534631_C_A_b38,-83865,12,12,0.03,1,0.00015757281606890972,0.510574,0.13189746,0.004299570042995701,0.0044588719338965075,0.03368925461166249,0.0003685336206256724
ENSG00000124193,312,1.0141165,89.470566,147.71834,0.0022326973096479332,chr20_43547685_G_A_b38,89755,122,148,0.37,-1,0.001460758246785575,0.19015123,0.058714245,0.17248275172482752,0.17600670340110627,0.4244133273501853,0.00010476106112387947
ENSG00000185513,493,1.0076034,147.306,152.2804,0.0004901581469602609,chr20_43597198_C_G_b38,89516,9,9,0.0225,1,0.000352069858274928,0.5548177,0.15192035,0.06969303069693031,0.0680681506669589,0.2571463469640669,6.156072449017127e-05
ENSG00000101052,251,1.0339013,94.38547,148.5523,0.005667704567474189,chr20_43944394_G_A_b38,353461,4,5,0.0125,1,0.004086977113923194,0.82214135,0.28219247,0.40085991400859916,0.3988069487016675,0.6223883365725188,0.00010954841180492824
ENSG00000101057,480,1.0376067,146.03113,149.25505,0.015316653482428793,chr20_44177789_A_T_b38,510768,138,182,0.455,-1,0.012044080792780474,-0.15076174,0.05935926,0.8882111788821118,0.8881657658051515,0.8709587082251176,7.209760514725643e-05
ENSG00000124191,148,1.0258672,65.846176,149.57953,0.007016112811809786,chr20_43736373_T_C_b38,-178493,112,137,0.3425,-1,0.005291825717655106,0.19423431,0.068695985,0.36196380361963804,0.35862489230877637,0.5933453206081944,0.0001509449823642524
ENSG00000149596,515,1.0219611,176.66005,149.80864,0.0019804576495536267,chr20_43734973_C_A_b38,-452607,13,13,0.0325,1,0.00138881047606645,-0.85908663,0.26401564,0.2882711728827117,0.2854821426718779,0.5447427930890676,5.519039736250929e-05
ENSG00000132823,460,1.0282893,138.79115,151.1612,0.002062615085112233,chr20_44317957_A_G_b38,107164,43,44,0.11,1,0.001523587968543929,0.2853105,0.08844753,0.2405759424057594,0.23712843852556093,0.4907448654423442,7.248372681163523e-05
ENSG00000223891,460,1.0228807,134.17882,150.45616,0.0013898494669470757,chr20_44386641_A_G_b38,175679,78,86,0.215,-1,0.0009775618368259354,-0.23778711,0.070789054,0.16428357164283572,0.16206017680229176,0.4127375289346756,7.299499845164692e-05
ENSG00000197296,441,1.03266,131.754,147.33743,0.0004994448981288788,chr20_44220031_T_G_b38,-91140,103,119,0.2975,1,0.0002855805564635194,-0.22362755,0.06027787,0.056394360563943605,0.05744222859746236,0.22842523652792046,7.800911357748592e-05
ENSG00000226812,250,1.0202111,61.58277,144.80708,0.025382179066761417,chr20_44614818_T_C_b38,259631,24,24,0.06,1,0.01875980068335722,0.2838053,0.11952404,0.7877212278772123,0.7886397805590589,0.8237711993550845,0.00015692133666132542
ENSG00000101076,250,1.017628,60.37981,143.53867,0.01602756860732995,chr20_44155509_C_T_b38,-200193,6,6,0.015,1,0.010987758374471194,-0.6560417,0.25496268,0.6143385661433857,0.6153869689574768,0.7672474066696834,0.0001579916221916649
ENSG00000226243,437,1.028851,116.51809,147.08136,0.0020211878890440773,chr20_44212544_T_G_b38,-254300,13,14,0.035,-1,0.0012807315697548121,-0.7890726,0.24068753,0.20417958204179582,0.19863068946024395,0.45636132078088754,8.657609373755922e-05
ENSG00000124120,437,1.0410476,112.81154,144.89041,0.0038826373412016468,chr20_44383568_A_T_b38,-92320,127,133,0.33430234,1,0.0024064531521692436,-0.20513587,0.06651623,0.3407659234076592,0.3358619618006439,0.5767326616778734,9.488661692655282e-05
ENSG00000196839,210,1.0266944,58.092033,150.92705,0.01458371334196827,chr20_44982161_G_T_b38,329926,55,62,0.155,1,0.011898656604220898,-0.20481057,0.080499716,0.5644435556444356,0.5618803113957977,0.7277687842840809,0.00017178709226328394
ENSG00000064205,362,1.0189475,84.907555,147.27628,0.0045610555429998634,chr20_44220560_A_G_b38,-494286,10,10,0.025,1,0.003107588141959553,-0.6648054,0.22141407,0.3147685231476852,0.3128655010138347,0.5628268272206549,0.00011310446456327917
ENSG00000124249,270,1.0185292,88.54176,154.25021,0.01370249450648126,chr20_44173331_T_C_b38,-572451,56,59,0.1475,1,0.012051369382037927,-0.23178737,0.091269314,0.6999300069993001,0.6981983486959116,0.7894906396758924,0.00010823584262190087
ENSG00000166913,194,1.0240489,70.89456,150.66797,0.0002204628501578335,chr20_44764569_T_C_b38,-121109,25,28,0.07,1,0.00014044037513135778,-0.22577848,0.05786812,0.012798720127987202,0.013890309741483307,0.07392886617958315,0.0001389426273604363
ENSG00000101104,277,1.0167556,77.04916,149.91327,7.018596086935017e-05,chr20_43665754_T_C_b38,-1244310,3,3,0.0075,1,3.9969839751231906e-05,-1.3577446,0.32134035,0.0037996200379962005,0.004906790742397083,0.03475643442531267,0.0001232754435359694
ENSG00000227477,451,1.0189357,107.70224,150.14844,0.0012136856416115809,chr20_45399124_T_G_b38,432720,3,3,0.0075,1,0.0008364361402641639,1.9253827,0.5654549,0.12038796120387961,0.11695411151163305,0.3515160250894943,8.916431907273597e-05
ENSG00000101109,451,1.0234041,103.687515,148.9053,0.002278403788636562,chr20_45916409_C_T_b38,949933,105,118,0.295,-1,0.001559834603276818,-0.21080135,0.06549511,0.19908009199080093,0.20133587681509743,0.45636132078088754,9.470320674151214e-05
ENSG00000124102,35,1.0011362,15.045212,157.75659,0.03479809933799004,chr20_45285131_G_A_b38,110253,3,3,0.0075,1,0.03352807820536747,-1.1675293,0.54450935,0.41455854414558546,0.41253634655607047,0.6288820363515317,0.0005828394137157235
ENSG00000124145,251,1.0089246,61.562416,149.59724,0.03150532730593065,chr20_45375150_G_T_b38,26724,4,4,0.01,1,0.026122128364220697,-0.59891534,0.26674768,0.8584141585841416,0.8586463695813288,0.8611792497275862,0.00014828666238740493
ENSG00000204070,543,1.0205466,104.37284,147.07677,0.013551995047743867,chr20_45762724_A_G_b38,400785,11,11,0.0275,1,0.010010632081765853,-0.27902302,0.10704785,0.7514248575142486,0.7523899263665175,0.8044420596371569,9.275222526483612e-05
ENSG00000244274,490,1.0428503,74.02945,141.6097,0.004112130388229515,chr20_45797156_C_T_b38,391097,14,14,0.035,1,0.002283233576080744,0.42385924,0.13670482,0.24897510248975102,0.24450670445021408,0.4907448654423442,0.0001458349161499536
ENSG00000124251,490,1.0364624,78.44738,144.90898,0.008905682286715068,chr20_45343230_T_C_b38,-64661,18,19,0.0475,1,0.005979097261165397,-0.56302005,0.20207888,0.48585141485851413,0.4869030021257869,0.7011195806487713,0.0001334500383356219
ENSG00000124155,490,1.022889,77.236595,144.0101,0.0014134957818758092,chr20_45581184_T_A_b38,165115,8,8,0.02,1,0.0007654358365331528,-0.48957217,0.14269337,0.09609039096090391,0.09736975961833441,0.3198620122727893,0.0001268040334988916
ENSG00000101443,305,1.0065808,62.487137,149.14166,0.01126498067280567,chr20_45794863_G_A_b38,325155,1,1,0.0025,1,0.008657147963576457,2.1172647,0.79654604,0.5032496750324967,0.5041762540905032,0.7024127682184698,0.0001443541438172049
ENSG00000124116,456,1.0354564,95.2213,148.86716,8.141441421157345e-15,chr20_45809660_G_A_b38,17726,103,121,0.3025,-1,8.18561755337165e-16,0.77319986,0.086327806,9.999000099990002e-05,2.8407738256441417e-13,1.6097718345316798e-11,0.00010941190701874857
ENSG00000101457,456,1.0457811,92.18107,145.50395,3.1254929307296274e-16,chr20_45810335_G_T_b38,18396,113,138,0.345,-1,1.063080442768484e-17,0.41313586,0.04273192,9.999000099990002e-05,6.7776613008519614e-15,7.681349474298889e-13,0.00011878013193809001
ENSG00000175063,507,1.0398073,115.0992,146.23463,0.006891496189620556,chr20_45794863_G_A_b38,-17715,1,1,0.0025,1,0.004701992602694585,-2.4645307,0.85961884,0.5334466553344666,0.5303129620120786,0.7155016154131218,9.244708101238154e-05
ENSG00000168612,352,1.0333793,112.582375,149.8149,2.6506434520599105e-05,chr20_45794194_G_A_b38,-87035,57,61,0.1525,1,1.4086743477664052e-05,0.25276458,0.05640812,0.0023997600239976003,0.002419150008668885,0.020308913653022738,9.161186446618832e-05
ENSG00000124257,327,1.0250132,60.46864,149.6476,0.037405796864499144,chr20_45808734_G_C_b38,-80155,5,5,0.0125,-1,0.03137165827718792,-0.7788204,0.35866687,0.8926107389261074,0.8959414000418746,0.8709587082251176,0.00016367207864852068
ENSG00000271984,327,1.0210506,62.819748,152.86514,0.04612167998549432,chr20_45789299_G_A_b38,-104122,132,172,0.43,-1,0.04130687700193379,-0.1554583,0.0755742,0.9441055894410559,0.9464173317777732,0.8720142121804284,0.00015447769255561207
ENSG00000100979,523,1.0246053,81.370636,145.97234,0.0003151740154146738,chr20_45987250_T_C_b38,75093,29,29,0.0725,1,0.00016182314633911263,-0.39513054,0.10226242,0.0212978702129787,0.022897074547956274,0.11042560774900896,0.00012139246830331936
ENSG00000100982,849,1.0261463,159.68195,145.13976,0.0019475429789170054,chr20_45101801_G_A_b38,-832829,141,181,0.4525,1,0.0011404404711017715,-0.20019026,0.06042126,0.2575742425757424,0.25604661733779666,0.5090985373967887,6.233930534768387e-05
ENSG00000198026,597,1.0278051,114.59968,148.11392,0.0014727537537701503,chr20_46088365_G_C_b38,116191,64,73,0.1825,1,0.0009479150732572057,0.19152804,0.056863587,0.143985601439856,0.14599114603868368,0.37636369436944384,8.757303796541606e-05
ENSG00000100985,438,1.0330288,112.99531,146.48611,0.01739379788938048,chr20_45580284_G_T_b38,-428626,10,11,0.0275,1,0.012921853543798215,0.5824264,0.23166376,0.855014498550145,0.8548735438456798,0.8611792497275862,9.112115683945092e-05
ENSG00000101017,384,1.0168623,111.39063,152.64554,0.0008148834110482137,chr20_46130522_G_A_b38,12248,46,50,0.125,1,0.0006088459516390764,-0.3581508,0.1024117,0.08389161083891611,0.08273966393687367,0.2837239883111171,8.532012285955023e-05
ENSG00000080189,208,1.010471,80.749855,149.81366,0.008876054225201489,chr20_46132995_A_G_b38,-231465,5,5,0.0125,1,0.006839139665347346,0.4907121,0.17908254,0.5064493550644935,0.5082162970051282,0.7024127682184698,0.00011394890770295555
ENSG00000062598,183,1.0342724,46.305866,149.26189,0.00838895689178668,chr20_46832470_G_A_b38,399483,78,88,0.22,1,0.006343458692551473,-0.16775763,0.06065068,0.3160683931606839,0.3072033468306354,0.5585472190991531,0.00022364242283524576
ENSG00000172315,147,1.0439265,47.934437,147.68005,0.03596052668751055,chr20_46705549_T_C_b38,15889,35,38,0.095,1,0.02900710240267897,-0.18033022,0.08184783,0.8164183581641836,0.8155087918903213,0.8364192737336628,0.00022634460852212257
ENSG00000271784,147,1.0034419,48.367397,150.60023,0.007530740200813568,chr20_46664535_T_G_b38,-25247,142,188,0.47,1,0.005872436568234364,0.26817238,0.09604141,0.30796920307969206,0.3046420474754206,0.5585472190991531,0.0001835087726776463
ENSG00000197496,209,1.0382184,77.06915,149.8889,1.979383604458198e-05,chr20_46678289_A_G_b38,-31200,111,134,0.335,-1,1.0373306216174857e-05,0.19280855,0.04233726,0.0007999200079992001,0.0011703698033388183,0.01105349258708884,0.00013699564089071747
ENSG00000064655,59,0.99719375,25.335848,151.14694,8.992635074348798e-06,chr20_47004298_G_A_b38,109672,111,146,0.365,-1,4.90818608112792e-06,0.40633768,0.085913815,0.00019998000199980003,0.000233499934868878,0.00281827868670797,0.00033916058802951654
ENSG00000101040,329,1.0331517,79.589386,149.14082,0.034261326009159314,chr20_48282376_A_G_b38,925485,107,131,0.3275,1,0.02831114359910571,-0.16624422,0.07512071,0.9305069493050695,0.9337189680825159,0.8709587082251176,0.00012943450637373038
ENSG00000196562,389,1.0285659,113.031456,149.82213,0.00135811348857992,chr20_48013948_C_T_b38,227330,7,7,0.0175,-1,0.0009303681193854688,-1.1521921,0.34151995,0.1321867813218678,0.1331926030300374,0.3715708227784181,8.912110014861758e-05
ENSG00000124126,287,1.0300039,67.11416,145.50638,0.0051439805945588,chr20_47820248_T_C_b38,-1007637,101,120,0.3,1,0.003342262891984584,0.1516986,0.0509218,0.2813718628137186,0.2790821023758247,0.5406718792466119,0.0001511410350523228
ENSG00000124198,406,1.020859,114.39133,148.95297,0.0029350569529795457,chr20_49561331_G_A_b38,639439,61,65,0.1625,1,0.002048277079993701,0.16881923,0.05385804,0.2810718928107189,0.2761730375790679,0.5396484642349603,8.476207117208895e-05
ENSG00000124207,359,1.0465444,65.41276,142.90794,7.821723088553069e-16,chr20_49055001_T_C_b38,8753,118,135,0.3375,1,1.5058339909816964e-17,-0.37107325,0.0386069,9.999000099990002e-05,1.206855739528913e-14,9.118465587551785e-13,0.000167976426691839
ENSG00000124214,456,1.023891,114.2681,150.78609,0.023668041225812817,chr20_48951264_C_T_b38,-237105,25,25,0.0625,1,0.01976402638895128,0.21048915,0.08940051,0.932006799320068,0.9323334470368094,0.8709587082251176,8.614346776061341e-05
ENSG00000124228,546,1.0153435,93.46655,148.83347,0.0028277386914822853,chr20_49718973_A_G_b38,499676,18,18,0.045,1,0.001960082852082095,0.25988716,0.082550615,0.2273772622737726,0.22614353880667815,0.48357737858031796,0.00010090548555613294
ENSG00000124201,104,1.0394717,31.34703,149.9555,0.0266097051523209,chr20_49211971_T_C_b38,-66208,29,29,0.0725,1,0.02199299306382508,0.24462871,0.10576002,0.5605439456054394,0.5527176396713143,0.7241772542899684,0.0003386998231350189
ENSG00000177410,104,1.0117855,31.12853,150.11456,0.00892589962293581,chr20_49206581_T_A_b38,-72046,96,111,0.2775,1,0.006936413046193263,0.14564697,0.053247593,0.24167583241675833,0.23853690662724036,0.4907448654423442,0.00029751047034978935
ENSG00000158445,325,1.053108,74.71645,145.63472,7.76750077656752e-06,chr20_49510342_C_T_b38,26043,97,112,0.28,1,2.7648877323815896e-06,0.43768463,0.0900359,0.00019998000199980003,0.0003816952360571097,0.003932617583618706,0.00015171119333913164
ENSG00000124212,336,1.0161567,68.70087,148.91986,0.004042648525902262,chr20_49412699_C_T_b38,-155449,3,3,0.0075,1,0.0028807081788801924,-1.0574316,0.3493489,0.24037596240375964,0.23607634461686755,0.4907448654423442,0.0001378369598503657
ENSG00000197818,452,1.0445296,119.555626,149.29582,2.8738953910710682e-06,chr20_49922720_T_C_b38,110005,41,43,0.1075,-1,1.2659614963279592e-06,0.4217337,0.08373319,0.0004999500049995,0.0002362380663858152,0.00281827868670797,9.104354422620196e-05
ENSG00000124216,331,1.0390354,105.50433,146.86717,0.013841744304072175,chr20_50126487_A_G_b38,143486,33,33,0.0825,1,0.01018769782497354,0.33930847,0.13049044,0.7590240975902409,0.7574711187364171,0.8060725520199743,0.00010047749986169957
ENSG00000277449,571,1.0153954,113.07718,144.0966,0.03555875999945824,chr20_50758275_G_C_b38,567988,79,90,0.225,1,0.02674121577825251,0.24747409,0.1106818,0.9826017398260174,0.9827661328965261,0.875907151035902,8.342947435241541e-05
ENSG00000172216,571,1.0295,117.371284,144.90108,0.008407454653963387,chr20_50763123_C_T_b38,572387,3,3,0.0075,1,0.005612527118887986,-0.9320612,0.33197796,0.622937706229377,0.6160545353553635,0.7672474066696834,8.622148325803308e-05
ENSG00000196396,520,1.0408771,152.73936,148.65382,0.005309213486955681,chr20_50545571_G_A_b38,35248,32,32,0.08,1,0.003822853265012505,-0.246052,0.08382433,0.5416458354164584,0.5375704008012093,0.7167605344016124,7.002886284729204e-05
ENSG00000124171,67,1.0158852,19.731482,151.95662,0.007333252530766939,chr20_50506895_A_G_b38,-224651,14,14,0.035,1,0.005930585542766447,-0.37739125,0.13531855,0.13038696130386962,0.13018148702904891,0.3715708227784181,0.00047904657661742016
ENSG00000124243,178,1.0324202,70.46609,153.1242,0.006777484603420969,chr20_51140832_C_T_b38,345936,4,4,0.01,1,0.005641874115600126,-0.98486894,0.3510074,0.36746325367463256,0.36520556150609945,0.5998545454689556,0.0001456662601548232
ENSG00000101096,175,1.0111688,73.055756,151.50577,0.00645762966235125,chr20_52092914_G_A_b38,530081,68,77,0.1925,1,0.005123823320125878,-0.21453755,0.075586975,0.36836316368363164,0.3716636999682483,0.6017412285200209,0.0001263954660750063
ENSG00000182463,121,1.0247535,44.193096,150.18216,0.005816622770275098,chr20_53132411_A_G_b38,160002,3,3,0.0075,1,0.00441398082615144,1.228032,0.42521942,0.22177782221777823,0.21713208467034512,0.4778311248408889,0.00022363841031417886
ENSG00000101132,276,1.0327741,89.61336,147.35092,0.011875122918035911,chr20_54473685_CA_C_b38,265836,1,1,0.0025,1,0.008742963385435705,-1.8696483,0.7043101,0.6477352264773523,0.6436001417431694,0.7759756146084759,0.00011474800485593455
ENSG00000054803,142,1.0192534,64.7491,155.84068,0.021009086914595538,chr20_54358907_C_T_b38,-1646567,85,97,0.2425,1,0.019360658598674915,-0.1662495,0.070373766,0.742025797420258,0.7404633305478545,0.8023871203858113,0.00014853686847702633
ENSG00000022277,125,1.0117027,35.29518,150.7043,0.12966119805865833,chr20_56368136_A_G_b38,-100451,1,1,0.0025,1,0.11837571698315615,0.6537442,0.4163806,0.9931006899310069,0.9923653628724124,0.875907151035902,0.0002622892494919981
ENSG00000280387,250,1.0154628,95.46943,152.94858,0.0017173685595804392,chr20_57122193_G_T_b38,599939,19,20,0.05,1,0.0013417967374675572,0.6489316,0.19879359,0.1491850814918508,0.14611766957872527,0.37636369436944384,9.884819940911409e-05
ENSG00000124091,250,1.0167103,95.06102,153.371,0.013639250922861553,chr20_56372087_G_C_b38,-153718,49,57,0.1425,-1,0.011750878109342614,-0.3209953,0.12594064,0.7239276072392761,0.7229138404536024,0.8020783261365105,9.98980659382784e-05
ENSG00000213714,209,1.013526,78.35515,153.31459,0.014850184266265627,chr20_56851621_A_G_b38,318373,6,6,0.015,1,0.01282015011604439,0.90035224,0.3577084,0.6828317168283171,0.6850564799053671,0.7802988380831651,0.00011926379434874692
ENSG00000132819,208,1.0153913,79.411575,150.44897,0.00818068848154,chr20_58678371_G_A_b38,1286962,8,8,0.02,1,0.006382795147070108,0.5466564,0.19778804,0.47505249475052497,0.47171698579129606,0.6898226888990995,0.00011879047695822379
ENSG00000218018,208,1.0212952,80.63714,150.73618,0.0026912321135198368,chr20_57466410_T_TA_b38,73346,77,89,0.2225,1,0.0019874347408950373,-0.29392785,0.09349121,0.18648135186481352,0.1871531345828954,0.4465408123381363,0.0001204980139112241
ENSG00000124253,168,1.0325816,67.241585,151.66862,0.0724174319839592,chr20_58079999_C_T_b38,518917,4,4,0.01,1,0.06499025084237066,0.5274698,0.28387377,0.9914008599140086,0.9931241374245302,0.875907151035902,0.0001527696936038949
ENSG00000124256,210,1.0311335,79.6552,150.95349,0.011075633708577072,chr20_57937336_T_G_b38,316758,136,177,0.4425,-1,0.008908154061129252,0.14452487,0.05457937,0.5806419358064193,0.5741443343280307,0.7394283093618575,0.00012805818458539223
ENSG00000124225,156,1.0146681,59.76162,148.83784,0.06018239566944254,chr20_58006135_C_G_b38,296231,100,121,0.3025,-1,0.051309264090454595,0.12599245,0.06416389,0.9731026897310269,0.9747536518099463,0.875907151035902,0.00015726714623607774
ENSG00000124224,154,1.0336087,37.007153,142.05894,0.00805575095650002,chr20_57347590_A_C_b38,-961851,5,5,0.0125,1,0.004913905386060572,0.8393327,0.2942656,0.24567543245675433,0.24429679070425744,0.4907448654423442,0.0002789010304260237
ENSG00000124209,154,1.0215015,39.326843,146.75331,0.021275335564279553,chr20_57553117_G_A_b38,-756581,77,88,0.22,1,0.0161681256912532,-0.1244477,0.05119507,0.5593440655934406,0.5609455939611097,0.7277687842840809,0.0002472774828473716
ENSG00000124164,253,1.0268921,101.481804,151.39104,0.007992327518380787,chr20_58245368_C_T_b38,-143756,17,17,0.0425,1,0.006391157986693383,0.25256622,0.09139685,0.5526447355264473,0.5445973654538843,0.7218834473852656,9.844667401067765e-05
ENSG00000124222,388,1.0315002,119.96011,150.25272,0.001344796288508055,chr20_58878797_C_G_b38,227542,14,14,0.035,1,0.0009364899102108574,0.38834673,0.115175486,0.1372862713728627,0.13868777195547743,0.374053498609245,8.519266034101191e-05
ENSG00000215440,404,1.0334243,119.83186,147.504,0.0019927098943412014,chr20_59577330_C_T_b38,888197,95,112,0.28,1,0.0012818097815207846,-0.18157214,0.055388484,0.20067993200679932,0.19938956795604276,0.45636132078088754,8.608948730610538e-05
ENSG00000087460,122,0.9963561,44.917305,151.6371,0.01052490167040018,chr20_59218608_A_T_b38,377761,59,66,0.18333334,1,0.00859115912619863,-0.25155833,0.09454411,0.38566143385661433,0.3800404879798489,0.6023951790822779,0.00019048195762820245
ENSG00000101158,491,1.0330536,162.53523,149.33472,8.373915071025286e-15,chr20_59011319_A_G_b38,30109,67,75,0.1875,1,9.354490685132627e-16,-0.5799585,0.06491269,9.999000099990002e-05,5.438528029137351e-13,2.4654660398755984e-11,6.335924958871462e-05
ENSG00000101166,357,1.020749,108.601746,149.04617,0.02392189261502938,chr20_58887573_G_A_b38,-155338,21,21,0.0525,1,0.01927519485932763,-0.216008,0.091370955,0.9253074692530747,0.9251327928764798,0.8709587082251176,8.923111093367491e-05
ENSG00000124203,250,1.0289918,89.28339,149.64597,0.014168569802235572,chr20_59590560_G_A_b38,467177,3,3,0.0075,1,0.01119106256202099,-0.8715641,0.33959654,0.712028797120288,0.7096066332042976,0.792335813758493,0.00011305745958948276
ENSG00000087495,241,1.0327961,74.975235,149.6696,0.03882986303690403,chr20_59665841_G_C_b38,88330,10,10,0.025,1,0.032653000318090396,0.49476728,0.22958462,0.9431056894310569,0.9453880155477724,0.8720142121804284,0.00013715969438851124
ENSG00000124215,228,1.0069662,85.625656,154.13612,0.0008059191091067,chr20_60505619_C_G_b38,547190,106,133,0.3325,-1,0.0006399362030450498,-0.2742005,0.0787291,0.06379362063793621,0.0652766032352983,0.25078017062148494,0.00010555708517951814
ENSG00000149657,662,1.0305743,115.696976,142.51878,0.002573665916090083,chr20_62145318_A_AG_b38,22855,52,55,0.1375,-1,0.0013998290075160407,-0.2859417,0.08794073,0.24827517248275172,0.24465074909552162,0.4907448654423442,8.793144758865724e-05
ENSG00000101182,346,1.0269113,105.35961,149.65262,0.0003572276863525137,chr20_62644865_G_A_b38,501423,11,11,0.0275,1,0.00022287755855424646,-0.3235094,0.08563676,0.0334966503349665,0.03342899114257107,0.1546375100472675,9.483291526703075e-05
ENSG00000184402,346,1.024469,103.31688,148.34616,3.08934399146286e-05,chr20_62117662_C_T_b38,-26135,49,52,0.13,1,1.5055265236303617e-05,-0.3311637,0.07416882,0.0022997700229977,0.0027399680478221527,0.02218069372046504,9.554640841891635e-05
ENSG00000101187,271,1.0171473,72.15609,146.22697,0.01585364358129041,chr20_62811644_C_T_b38,169197,13,13,0.0325,1,0.011613143447412837,0.31984434,0.12527867,0.6818318168183182,0.6775608668692801,0.7802988380831651,0.00013189277411634957
ENSG00000277496,271,1.0104573,74.0702,147.36609,0.046729516439053286,chr20_62809706_CAG_C_b38,158937,14,14,0.035,1,0.03821728083237474,0.4063062,0.19442314,0.9694030596940306,0.9705017755403762,0.875907151035902,0.00012421481238711752
ENSG00000101191,592,1.0269315,146.37874,147.33055,0.009121518568456312,chr20_63919427_C_T_b38,981473,22,22,0.06321839,1,0.006575132389142955,-0.31089902,0.11290322,0.7296270372962703,0.7289476552240641,0.8020783261365105,6.826843996445761e-05
ENSG00000101193,592,1.0401316,144.58011,146.12785,0.00046003674383205334,chr20_63966313_C_T_b38,1028192,66,73,0.1825,1,0.00024632490623867326,0.22548729,0.060122505,0.05369463053694631,0.05669999686562245,0.22842523652792046,7.37149236022077e-05
ENSG00000274501,236,1.0506158,65.65298,148.06976,0.00830395172890113,chr20_63855334_GCCCCGGACGAAGCTTCCTCCCCGAGCTGTGGCCGCAGGGCAGTGGGGA_G_b38,124955,24,27,0.0675,1,0.006068226933692228,-0.31180292,0.11211482,0.4046595340465953,0.39728769355730215,0.6223883365725188,0.0001706268522503576
ENSG00000203896,236,1.045943,63.107883,146.48523,0.024998906568647703,chr20_63851563_A_G_b38,115278,5,5,0.0125,1,0.019135918080619724,0.31906602,0.13480566,0.7905209479052094,0.783924976052541,0.8226373205489627,0.00017361042747758118
ENSG00000125520,236,1.0456718,62.747787,146.50212,0.004376388762156089,chr20_63858154_T_C_b38,118291,13,13,0.0325,1,0.002896757727574511,-0.23955625,0.07918989,0.22127787221277873,0.22171618387836475,0.48322758024771795,0.00017438064966102004
