phenotype_id,variant_id,tss_distance,maf,ma_samples,ma_count,pval_nominal,slope,slope_se,pval_nominal_threshold,min_pval_nominal,pval_beta
ENSG00000125775,chr20_1387745_T_A_b38,58504,0.1375,52,55,2.0587650619346097e-06,0.38447896,0.07802035,0.00013344477324292098,2.0587645933542947e-06,0.0003074377209884033
ENSG00000125775,chr20_1389244_C_T_b38,60003,0.08,31,32,5.401780766587934e-06,0.47404918,0.10070348,0.00013344477324292098,2.0587645933542947e-06,0.0003074377209884033
ENSG00000125775,chr20_1403255_T_TG_b38,74014,0.1225,47,49,8.3508871065481e-06,0.38167688,0.08287525,0.00013344477324292098,2.0587645933542947e-06,0.0003074377209884033
ENSG00000125775,chr20_1403256_T_TAACCAGTCGCATA_b38,74015,0.1225,47,49,8.350822733301943e-06,0.38167703,0.08287525,0.00013344477324292098,2.0587645933542947e-06,0.0003074377209884033
ENSG00000125775,chr20_1403258_A_AAACT_b38,74017,0.1225,47,49,8.350822733301943e-06,0.38167703,0.08287525,0.00013344477324292098,2.0587645933542947e-06,0.0003074377209884033
ENSG00000125775,chr20_1403260_C_CTACAATTAAAAGTACTCTAGACCCCGAACTG_b38,74019,0.1225,47,49,8.350822733301943e-06,0.38167703,0.08287525,0.00013344477324292098,2.0587645933542947e-06,0.0003074377209884033
ENSG00000125775,chr20_1403264_A_AATTTGTTTCACTTATTC_b38,74023,0.1225,47,49,8.350822733301943e-06,0.38167703,0.08287525,0.00013344477324292098,2.0587645933542947e-06,0.0003074377209884033
ENSG00000196209,chr20_1461196_C_G_b38,-30393,0.1975,73,79,9.082162553769328e-08,-0.40924636,0.073064096,0.0002723189655533287,9.082169141462535e-08,1.0305750803097906e-05
ENSG00000088881,chr20_2774842_T_C_b38,81962,0.1775,64,71,9.55488811277193e-05,0.30013305,0.07498091,0.00020544326367193973,9.554873599620701e-05,0.005269421352217095
ENSG00000088881,chr20_2776689_A_G_b38,83809,0.1775,64,71,9.554872146909925e-05,0.30013308,0.07498091,0.00020544326367193973,9.554873599620701e-05,0.005269421352217095
ENSG00000088881,chr20_2777448_T_G_b38,84568,0.1775,64,71,9.55488811277193e-05,0.30013305,0.07498091,0.00020544326367193973,9.554873599620701e-05,0.005269421352217095
ENSG00000101220,chr20_3705660_G_A_b38,-62729,0.05,18,20,1.3288700618679663e-05,-0.5192073,0.11550788,9.86311502393122e-05,1.3288704688797628e-05,0.002123902471712689
ENSG00000101220,chr20_3706332_C_T_b38,-62057,0.05,18,20,1.3288700618679663e-05,-0.5192073,0.11550788,9.86311502393122e-05,1.3288704688797628e-05,0.002123902471712689
ENSG00000101224,chr20_3766216_G_C_b38,-20558,0.32,105,128,3.947771381046179e-05,0.2506517,0.05927876,0.00010354024929515764,3.947777199283105e-05,0.008060660256852432
ENSG00000088888,chr20_3959468_TTGAG_T_b38,112667,0.45,137,180,5.987704059904412e-05,0.24031848,0.058285084,0.0001383505223988165,2.754094945654682e-05,0.003244743334654936
ENSG00000088888,chr20_3961531_A_C_b38,114730,0.465,140,186,2.754100061915348e-05,0.24008231,0.055602785,0.0001383505223988165,2.754094945654682e-05,0.003244743334654936
ENSG00000229539,chr20_3970203_T_C_b38,81363,0.1275,46,51,8.194782030506236e-11,0.80337256,0.11539244,0.00012070733022349752,8.194788373198365e-11,2.6180484105811163e-08
ENSG00000229539,chr20_3970281_C_A_b38,81441,0.1275,46,51,8.194782030506236e-11,0.80337256,0.11539244,0.00012070733022349752,8.194788373198365e-11,2.6180484105811163e-08
ENSG00000089123,chr20_13419668_T_C_b38,-219274,0.4275,136,171,0.00012778655522439436,-0.24049923,0.061248947,0.00018806411917401882,9.85334838003604e-05,0.006949839611730419
ENSG00000089123,chr20_13420066_T_C_b38,-218876,0.4275,136,171,0.00012778655522439436,-0.24049923,0.061248947,0.00018806411917401882,9.85334838003604e-05,0.006949839611730419
ENSG00000089123,chr20_13421792_G_A_b38,-217150,0.44,141,176,9.853349151790168e-05,-0.2485806,0.06222636,0.00018806411917401882,9.85334838003604e-05,0.006949839611730419
ENSG00000125848,chr20_14698851_A_G_b38,361233,0.3325,115,133,4.984257597690119e-07,-0.47942472,0.091478966,0.00013826106082542148,4.984260276537889e-07,6.713416016505855e-05
ENSG00000125844,chr20_17861362_A_G_b38,179065,0.120000005,45,48,8.124614352884475e-05,-0.27358612,0.067638196,0.00017788918193009743,7.023157917059115e-07,0.00010458008692018229
ENSG00000125844,chr20_17861674_G_A_b38,179377,0.13,50,52,7.023162939226117e-07,-0.3433071,0.06645108,0.00017788918193009743,7.023157917059115e-07,0.00010458008692018229
ENSG00000125844,chr20_17863180_T_C_b38,180883,0.16750002,63,67,5.027927571006498e-06,-0.29225862,0.061866585,0.00017788918193009743,7.023157917059115e-07,0.00010458008692018229
ENSG00000125844,chr20_17863848_G_T_b38,181551,0.3725,118,149,0.00013309511206287464,-0.1745907,0.044585865,0.00017788918193009743,7.023157917059115e-07,0.00010458008692018229
ENSG00000125844,chr20_17863874_AGGCATGCTGCCAAGAAT_A_b38,181577,0.38,121,152,0.00016141366824611438,-0.17509905,0.045308866,0.00017788918193009743,7.023157917059115e-07,0.00010458008692018229
ENSG00000125844,chr20_17863994_A_AG_b38,181697,0.15499997,59,62,9.106435363044876e-06,-0.29262277,0.06382195,0.00017788918193009743,7.023157917059115e-07,0.00010458008692018229
ENSG00000125844,chr20_17864040_G_T_b38,181743,0.37,118,148,7.523449556653044e-05,-0.18366455,0.04518556,0.00017788918193009743,7.023157917059115e-07,0.00010458008692018229
ENSG00000125844,chr20_17864428_G_C_b38,182131,0.15750003,60,63,8.357971032492644e-06,-0.29800102,0.064709134,0.00017788918193009743,7.023157917059115e-07,0.00010458008692018229
ENSG00000125844,chr20_17865031_G_A_b38,182734,0.16000003,61,64,3.2187577286413496e-06,-0.30665386,0.06353414,0.00017788918193009743,7.023157917059115e-07,0.00010458008692018229
ENSG00000125844,chr20_17865111_T_C_b38,182814,0.16000003,61,64,3.2187577286413496e-06,-0.30665386,0.06353414,0.00017788918193009743,7.023157917059115e-07,0.00010458008692018229
ENSG00000125844,chr20_17865336_A_G_b38,183039,0.16250002,61,65,4.073658788235767e-06,-0.2976906,0.062374815,0.00017788918193009743,7.023157917059115e-07,0.00010458008692018229
ENSG00000125844,chr20_17865636_G_A_b38,183339,0.16250002,61,65,4.073658788235767e-06,-0.2976906,0.062374815,0.00017788918193009743,7.023157917059115e-07,0.00010458008692018229
ENSG00000125844,chr20_17865742_T_A_b38,183445,0.16250002,61,65,4.073658788235767e-06,-0.2976906,0.062374815,0.00017788918193009743,7.023157917059115e-07,0.00010458008692018229
ENSG00000125844,chr20_17865870_A_G_b38,183573,0.16250002,61,65,4.073658788235767e-06,-0.2976906,0.062374815,0.00017788918193009743,7.023157917059115e-07,0.00010458008692018229
ENSG00000125844,chr20_17865970_A_G_b38,183673,0.16250002,61,65,4.073658788235767e-06,-0.2976906,0.062374815,0.00017788918193009743,7.023157917059115e-07,0.00010458008692018229
ENSG00000125844,chr20_17866647_A_G_b38,184350,0.21749997,80,87,9.540784025569748e-05,-0.22235854,0.055545513,0.00017788918193009743,7.023157917059115e-07,0.00010458008692018229
ENSG00000125844,chr20_17867091_T_C_b38,184794,0.15750003,59,63,1.4763039375086466e-06,-0.30494928,0.060960047,0.00017788918193009743,7.023157917059115e-07,0.00010458008692018229
ENSG00000125844,chr20_17867562_T_G_b38,185265,0.3025,109,121,0.00017542976648797655,-0.2002087,0.05210671,0.00017788918193009743,7.023157917059115e-07,0.00010458008692018229
ENSG00000101310,chr20_18257324_T_A_b38,-250171,0.0125,5,5,2.643227567624041e-06,-0.62352645,0.12799627,0.00011633473443554908,1.99039243122108e-06,0.0003634571075664656
ENSG00000101310,chr20_18258296_C_G_b38,-249199,0.015,6,6,4.339295956775297e-05,-0.50222874,0.11944632,0.00011633473443554908,1.99039243122108e-06,0.0003634571075664656
ENSG00000101310,chr20_18260638_G_A_b38,-246857,0.015,6,6,4.339295956775297e-05,-0.50222874,0.11944632,0.00011633473443554908,1.99039243122108e-06,0.0003634571075664656
ENSG00000101310,chr20_18287611_C_G_b38,-219884,0.015,6,6,1.99039754643358e-06,-0.58418524,0.118363164,0.00011633473443554908,1.99039243122108e-06,0.0003634571075664656
ENSG00000101310,chr20_18288101_C_G_b38,-219394,0.015,6,6,1.99039754643358e-06,-0.58418524,0.118363164,0.00011633473443554908,1.99039243122108e-06,0.0003634571075664656
ENSG00000101310,chr20_18288348_G_C_b38,-219147,0.015,6,6,1.9903934209294568e-06,-0.5841853,0.118363164,0.00011633473443554908,1.99039243122108e-06,0.0003634571075664656
ENSG00000101310,chr20_18289686_A_G_b38,-217809,0.015,6,6,1.9903934209294568e-06,-0.5841853,0.118363164,0.00011633473443554908,1.99039243122108e-06,0.0003634571075664656
ENSG00000101310,chr20_18291073_TCAAAA_T_b38,-216422,0.015,6,6,1.99039754643358e-06,-0.58418524,0.118363164,0.00011633473443554908,1.99039243122108e-06,0.0003634571075664656
ENSG00000101310,chr20_18291671_T_C_b38,-215824,0.015,6,6,1.99039754643358e-06,-0.58418524,0.118363164,0.00011633473443554908,1.99039243122108e-06,0.0003634571075664656
ENSG00000101310,chr20_18473105_CAT_C_b38,-34390,0.045,18,18,0.00010314254332183564,0.28979844,0.072761595,0.00011633473443554908,1.99039243122108e-06,0.0003634571075664656
ENSG00000101310,chr20_18475991_G_A_b38,-31504,0.145,53,58,0.00010075465303230699,0.16720197,0.041916125,0.00011633473443554908,1.99039243122108e-06,0.0003634571075664656
ENSG00000101310,chr20_18534253_C_T_b38,26758,0.135,49,54,2.5832765173560187e-06,0.20577547,0.0421961,0.00011633473443554908,1.99039243122108e-06,0.0003634571075664656
ENSG00000101310,chr20_18535233_G_A_b38,27738,0.2475,86,99,2.0705218672808294e-05,-0.159007,0.036238678,0.00011633473443554908,1.99039243122108e-06,0.0003634571075664656
ENSG00000101310,chr20_18536078_T_A_b38,28583,0.2475,86,99,2.0705218672808294e-05,-0.159007,0.036238678,0.00011633473443554908,1.99039243122108e-06,0.0003634571075664656
ENSG00000101310,chr20_18536467_C_T_b38,28972,0.2475,86,99,2.0705218672808294e-05,-0.159007,0.036238678,0.00011633473443554908,1.99039243122108e-06,0.0003634571075664656
ENSG00000101310,chr20_18536750_T_C_b38,29255,0.2475,86,99,2.0705180715839394e-05,-0.15900701,0.036238678,0.00011633473443554908,1.99039243122108e-06,0.0003634571075664656
ENSG00000101310,chr20_18536774_C_T_b38,29279,0.2475,86,99,2.0705180715839394e-05,-0.15900701,0.036238678,0.00011633473443554908,1.99039243122108e-06,0.0003634571075664656
ENSG00000101310,chr20_18537258_A_G_b38,29763,0.135,49,54,2.5832765173560187e-06,0.20577547,0.0421961,0.00011633473443554908,1.99039243122108e-06,0.0003634571075664656
ENSG00000101310,chr20_18538510_T_C_b38,31015,0.2475,86,99,2.0705180715839394e-05,-0.15900701,0.036238678,0.00011633473443554908,1.99039243122108e-06,0.0003634571075664656
ENSG00000101310,chr20_18539096_C_G_b38,31601,0.2575,90,103,5.3733522187602006e-05,-0.15108982,0.036401235,0.00011633473443554908,1.99039243122108e-06,0.0003634571075664656
ENSG00000101310,chr20_18539151_G_T_b38,31656,0.255,89,102,4.728109073635017e-05,-0.15224333,0.036395427,0.00011633473443554908,1.99039243122108e-06,0.0003634571075664656
ENSG00000132661,chr20_22806234_G_A_b38,-544504,0.015,6,6,6.842607371180499e-06,-0.9252325,0.19887891,0.00011330275797414294,3.863612256828692e-07,6.41819495254757e-05
ENSG00000132661,chr20_22806428_C_G_b38,-544310,0.015,6,6,6.8426340239185935e-06,-0.9252323,0.1988789,0.00011330275797414294,3.863612256828692e-07,6.41819495254757e-05
ENSG00000132661,chr20_22807350_CAT_C_b38,-543388,0.0125,5,5,3.863611337946276e-07,-1.0684215,0.2017522,0.00011330275797414294,3.863612256828692e-07,6.41819495254757e-05
ENSG00000132661,chr20_22808597_T_C_b38,-542141,0.0125,5,5,3.863611337946276e-07,-1.0684215,0.2017522,0.00011330275797414294,3.863612256828692e-07,6.41819495254757e-05
ENSG00000132661,chr20_22808945_A_T_b38,-541793,0.015,6,6,6.8426340239185935e-06,-0.9252323,0.1988789,0.00011330275797414294,3.863612256828692e-07,6.41819495254757e-05
ENSG00000132661,chr20_22810137_G_C_b38,-540601,0.0125,5,5,3.863611337946276e-07,-1.0684215,0.2017522,0.00011330275797414294,3.863612256828692e-07,6.41819495254757e-05
ENSG00000132661,chr20_22810233_C_T_b38,-540505,0.0125,5,5,3.863611337946276e-07,-1.0684215,0.2017522,0.00011330275797414294,3.863612256828692e-07,6.41819495254757e-05
ENSG00000132661,chr20_22810286_CT_C_b38,-540452,0.0125,5,5,3.863611337946276e-07,-1.0684215,0.2017522,0.00011330275797414294,3.863612256828692e-07,6.41819495254757e-05
ENSG00000132661,chr20_22810509_G_T_b38,-540229,0.0125,5,5,3.8636286153865544e-07,-1.0684214,0.20175222,0.00011330275797414294,3.863612256828692e-07,6.41819495254757e-05
ENSG00000132661,chr20_22810727_G_A_b38,-540011,0.015,6,6,6.8426340239185935e-06,-0.9252323,0.1988789,0.00011330275797414294,3.863612256828692e-07,6.41819495254757e-05
ENSG00000132661,chr20_22811215_G_C_b38,-539523,0.0125,5,5,3.8636286153865544e-07,-1.0684214,0.20175222,0.00011330275797414294,3.863612256828692e-07,6.41819495254757e-05
ENSG00000132661,chr20_22811228_G_A_b38,-539510,0.0125,5,5,3.8636286153865544e-07,-1.0684214,0.20175222,0.00011330275797414294,3.863612256828692e-07,6.41819495254757e-05
ENSG00000132661,chr20_22811359_TA_T_b38,-539379,0.015,6,6,6.842607371180499e-06,-0.9252325,0.19887891,0.00011330275797414294,3.863612256828692e-07,6.41819495254757e-05
ENSG00000132661,chr20_22811570_C_T_b38,-539168,0.015,6,6,6.842607371180499e-06,-0.9252325,0.19887891,0.00011330275797414294,3.863612256828692e-07,6.41819495254757e-05
ENSG00000132661,chr20_22811650_C_T_b38,-539088,0.015,6,6,6.842607371180499e-06,-0.9252325,0.19887891,0.00011330275797414294,3.863612256828692e-07,6.41819495254757e-05
ENSG00000132661,chr20_22811693_C_G_b38,-539045,0.0225,9,9,7.317069139818274e-05,-0.62835956,0.15431869,0.00011330275797414294,3.863612256828692e-07,6.41819495254757e-05
ENSG00000132661,chr20_22813071_T_G_b38,-537667,0.0125,5,5,3.8636286153865544e-07,-1.0684214,0.20175222,0.00011330275797414294,3.863612256828692e-07,6.41819495254757e-05
ENSG00000132661,chr20_22813146_G_A_b38,-537592,0.015,6,6,6.8426340239185935e-06,-0.9252323,0.1988789,0.00011330275797414294,3.863612256828692e-07,6.41819495254757e-05
ENSG00000132661,chr20_22813387_A_G_b38,-537351,0.015,6,6,6.8426340239185935e-06,-0.9252323,0.1988789,0.00011330275797414294,3.863612256828692e-07,6.41819495254757e-05
ENSG00000132661,chr20_22813660_G_T_b38,-537078,0.0125,5,5,3.863611337946276e-07,-1.0684215,0.2017522,0.00011330275797414294,3.863612256828692e-07,6.41819495254757e-05
ENSG00000101474,chr20_24949895_G_A_b38,-43086,0.015,5,6,1.4770386747271051e-09,-0.9384965,0.1461754,0.00012686744735657696,1.4770385909778584e-09,5.351359656205585e-07
ENSG00000101474,chr20_25052527_T_G_b38,59546,0.0575,20,23,1.3138953284240946e-06,-0.5124862,0.10191867,0.00012686744735657696,1.4770385909778584e-09,5.351359656205585e-07
ENSG00000101474,chr20_25052536_G_A_b38,59555,0.035,12,14,0.00010791264067227437,-0.43552685,0.10967619,0.00012686744735657696,1.4770385909778584e-09,5.351359656205585e-07
ENSG00000101474,chr20_25054873_C_A_b38,61892,0.035,12,14,0.00010791264067227437,-0.43552685,0.10967619,0.00012686744735657696,1.4770385909778584e-09,5.351359656205585e-07
ENSG00000101474,chr20_25055725_T_C_b38,62744,0.035,12,14,0.00010791246177543455,-0.4355269,0.1096762,0.00012686744735657696,1.4770385909778584e-09,5.351359656205585e-07
ENSG00000101474,chr20_25061317_C_T_b38,68336,0.0275,9,11,3.919328040556019e-05,-0.4913151,0.116145596,0.00012686744735657696,1.4770385909778584e-09,5.351359656205585e-07
ENSG00000100994,chr20_25398271_C_T_b38,150200,0.21249998,78,85,3.523358914092932e-05,-0.27313477,0.06416499,0.00019156853733553187,1.883096238688407e-05,0.00227906594694925
ENSG00000100994,chr20_25404416_T_C_b38,156345,0.21249998,78,85,3.523358914092932e-05,-0.27313477,0.06416499,0.00019156853733553187,1.883096238688407e-05,0.00227906594694925
ENSG00000100994,chr20_25407550_G_C_b38,159479,0.21249998,78,85,3.523358914092932e-05,-0.27313477,0.06416499,0.00019156853733553187,1.883096238688407e-05,0.00227906594694925
ENSG00000100994,chr20_25636868_G_C_b38,388797,0.2125,77,85,9.202212581456666e-05,0.26070982,0.0649732,0.00019156853733553187,1.883096238688407e-05,0.00227906594694925
ENSG00000100994,chr20_25640855_CT_C_b38,392784,0.2075,76,83,1.883095817767994e-05,0.28549507,0.064725414,0.00019156853733553187,1.883096238688407e-05,0.00227906594694925
ENSG00000100994,chr20_25642133_T_C_b38,394062,0.2125,77,85,9.202212581456666e-05,0.26070982,0.0649732,0.00019156853733553187,1.883096238688407e-05,0.00227906594694925
ENSG00000078699,chr20_33389755_T_C_b38,-100322,0.3525,117,141,8.507849559220649e-05,-0.19234435,0.047693506,0.0001273152712869069,5.36741466412261e-05,0.0057555604275619805
ENSG00000078699,chr20_33393626_G_A_b38,-96451,0.35750002,118,143,5.367415235403883e-05,0.19586341,0.047185104,0.0001273152712869069,5.36741466412261e-05,0.0057555604275619805
ENSG00000078699,chr20_33394444_A_T_b38,-95633,0.35250002,117,141,8.50786388207818e-05,0.19234434,0.04769351,0.0001273152712869069,5.36741466412261e-05,0.0057555604275619805
ENSG00000078699,chr20_33674407_G_C_b38,184330,0.3525,116,141,9.695160343691849e-05,-0.19652194,0.0491428,0.0001273152712869069,5.36741466412261e-05,0.0057555604275619805
ENSG00000182584,chr20_33382672_A_T_b38,-283828,0.475,146,190,2.4383352080892775e-06,-0.40097803,0.08200414,0.00015296834869075158,6.700747683538145e-07,6.703459221979048e-05
ENSG00000182584,chr20_33389171_G_A_b38,-277329,0.475,146,190,2.4383352080892775e-06,-0.40097803,0.08200414,0.00015296834869075158,6.700747683538145e-07,6.703459221979048e-05
ENSG00000182584,chr20_33391364_A_C_b38,-275136,0.1575,55,63,0.00013381066022975365,0.41526842,0.10608704,0.00015296834869075158,6.700747683538145e-07,6.703459221979048e-05
ENSG00000182584,chr20_33402797_G_C_b38,-263703,0.4825,148,193,1.5089132237442238e-06,-0.40923354,0.08188646,0.00015296834869075158,6.700747683538145e-07,6.703459221979048e-05
ENSG00000182584,chr20_33405815_G_A_b38,-260685,0.48,147,192,1.7432414494074953e-06,-0.40554476,0.081675805,0.00015296834869075158,6.700747683538145e-07,6.703459221979048e-05
ENSG00000182584,chr20_33426438_G_A_b38,-240062,0.1575,55,63,0.0001338104415287302,0.41526845,0.10608704,0.00015296834869075158,6.700747683538145e-07,6.703459221979048e-05
ENSG00000182584,chr20_33427230_G_A_b38,-239270,0.485,149,194,1.321754421698593e-06,-0.4125595,0.082067765,0.00015296834869075158,6.700747683538145e-07,6.703459221979048e-05
ENSG00000182584,chr20_33428004_G_T_b38,-238496,0.47979796,148,191,2.106286483023044e-06,-0.4046395,0.082197174,0.00015296834869075158,6.700747683538145e-07,6.703459221979048e-05
ENSG00000182584,chr20_33430438_G_A_b38,-236062,0.15,52,60,0.00012291336281452763,0.42360106,0.10759927,0.00015296834869075158,6.700747683538145e-07,6.703459221979048e-05
ENSG00000182584,chr20_33436147_C_A_b38,-230353,0.485,149,194,1.321754421698593e-06,-0.4125595,0.082067765,0.00015296834869075158,6.700747683538145e-07,6.703459221979048e-05
ENSG00000182584,chr20_33438076_G_A_b38,-228424,0.155,54,62,0.00011162850379086442,0.4231154,0.10678925,0.00015296834869075158,6.700747683538145e-07,6.703459221979048e-05
ENSG00000182584,chr20_33438224_C_T_b38,-228276,0.155,54,62,0.00011162850379086442,0.4231154,0.10678925,0.00015296834869075158,6.700747683538145e-07,6.703459221979048e-05
ENSG00000182584,chr20_33438544_C_G_b38,-227956,0.485,149,194,6.700751614872776e-07,-0.4221797,0.081555955,0.00015296834869075158,6.700747683538145e-07,6.703459221979048e-05
ENSG00000182584,chr20_33440261_G_A_b38,-226239,0.155,54,62,0.00011162850379086442,0.4231154,0.10678925,0.00015296834869075158,6.700747683538145e-07,6.703459221979048e-05
ENSG00000182584,chr20_33458953_C_T_b38,-207547,0.4775,145,191,8.028448015867602e-07,-0.4149145,0.080768876,0.00015296834869075158,6.700747683538145e-07,6.703459221979048e-05
ENSG00000101460,chr20_34673845_G_A_b38,126989,0.4475,133,179,9.20479423885533e-09,0.24774596,0.04085229,0.00018083780803619033,1.0701800039531569e-09,1.870744296412325e-07
ENSG00000101460,chr20_34683915_C_T_b38,137059,0.4425,131,177,1.5135982688515496e-09,0.25504526,0.03975354,0.00018083780803619033,1.0701800039531569e-09,1.870744296412325e-07
ENSG00000101460,chr20_34690297_T_C_b38,143441,0.44,130,176,1.6132658053620323e-09,0.25378627,0.03963281,0.00018083780803619033,1.0701800039531569e-09,1.870744296412325e-07
ENSG00000101460,chr20_34691800_A_G_b38,144944,0.44,130,176,1.6132702709046565e-09,0.25378624,0.039632805,0.00018083780803619033,1.0701800039531569e-09,1.870744296412325e-07
ENSG00000101460,chr20_34693032_C_T_b38,146176,0.4425,131,177,2.1296201705859496e-09,0.25228286,0.039729167,0.00018083780803619033,1.0701800039531569e-09,1.870744296412325e-07
ENSG00000101460,chr20_34694394_G_C_b38,147538,0.445,132,178,1.0701797079492053e-09,0.25719038,0.03967834,0.00018083780803619033,1.0701800039531569e-09,1.870744296412325e-07
ENSG00000101460,chr20_34694471_T_C_b38,147615,0.4575,135,183,3.674033437191515e-09,0.24818024,0.039743718,0.00018083780803619033,1.0701800039531569e-09,1.870744296412325e-07
ENSG00000101460,chr20_34694770_A_G_b38,147914,0.4475,131,179,1.1499476346768218e-09,0.25496972,0.039419074,0.00018083780803619033,1.0701800039531569e-09,1.870744296412325e-07
ENSG00000101460,chr20_34694776_A_G_b38,147920,0.4475,131,179,1.1499508551993234e-09,0.25496972,0.039419077,0.00018083780803619033,1.0701800039531569e-09,1.870744296412325e-07
ENSG00000101460,chr20_34694976_G_C_b38,148120,0.4475,132,179,1.6654761109343826e-09,0.25394616,0.03969565,0.00018083780803619033,1.0701800039531569e-09,1.870744296412325e-07
ENSG00000101460,chr20_34695640_G_T_b38,148784,0.445,132,178,1.0701827124747176e-09,0.25719038,0.039678343,0.00018083780803619033,1.0701800039531569e-09,1.870744296412325e-07
ENSG00000101460,chr20_34696966_A_ACAGCT_b38,150110,0.445,132,178,1.0701797079492053e-09,0.25719038,0.03967834,0.00018083780803619033,1.0701800039531569e-09,1.870744296412325e-07
ENSG00000101460,chr20_34697249_G_C_b38,150393,0.445,132,178,1.0701797079492053e-09,0.25719038,0.03967834,0.00018083780803619033,1.0701800039531569e-09,1.870744296412325e-07
ENSG00000101460,chr20_34697701_G_A_b38,150845,0.445,132,178,1.0701827124747176e-09,0.25719038,0.039678343,0.00018083780803619033,1.0701800039531569e-09,1.870744296412325e-07
ENSG00000101460,chr20_34697710_A_G_b38,150854,0.445,132,178,1.0701827124747176e-09,0.25719038,0.039678343,0.00018083780803619033,1.0701800039531569e-09,1.870744296412325e-07
ENSG00000101460,chr20_34698994_G_A_b38,152138,0.46858636,141,187,1.1898654354814515e-08,0.2498753,0.041552052,0.00018083780803619033,1.0701800039531569e-09,1.870744296412325e-07
ENSG00000101460,chr20_34699104_T_A_b38,152248,0.45,133,180,1.7509766585551056e-09,0.2538326,0.03973759,0.00018083780803619033,1.0701800039531569e-09,1.870744296412325e-07
ENSG00000101460,chr20_34699274_G_A_b38,152418,0.44,132,176,1.0093650172188034e-08,0.24577907,0.040650245,0.00018083780803619033,1.0701800039531569e-09,1.870744296412325e-07
ENSG00000101460,chr20_34699621_T_C_b38,152765,0.4575,136,183,8.835423841853093e-09,0.24657086,0.04060432,0.00018083780803619033,1.0701800039531569e-09,1.870744296412325e-07
ENSG00000101460,chr20_34699978_T_G_b38,153122,0.4,124,160,6.210322489172192e-08,0.23955339,0.04217728,0.00018083780803619033,1.0701800039531569e-09,1.870744296412325e-07
ENSG00000101460,chr20_34700603_C_T_b38,153747,0.39,121,156,1.91708100673212e-07,0.23048328,0.04232997,0.00018083780803619033,1.0701800039531569e-09,1.870744296412325e-07
ENSG00000101460,chr20_34700707_G_C_b38,153851,0.39,121,156,1.91708100673212e-07,0.23048328,0.04232997,0.00018083780803619033,1.0701800039531569e-09,1.870744296412325e-07
ENSG00000101460,chr20_34700851_A_G_b38,153995,0.395,123,158,1.7434444347653897e-07,0.22989899,0.042068027,0.00018083780803619033,1.0701800039531569e-09,1.870744296412325e-07
ENSG00000101460,chr20_34704323_G_C_b38,157467,0.3825,119,153,4.4725042674884335e-07,0.22585692,0.042904202,0.00018083780803619033,1.0701800039531569e-09,1.870744296412325e-07
ENSG00000101460,chr20_34704973_C_T_b38,158117,0.3825,119,153,4.472514202967666e-07,0.2258569,0.042904206,0.00018083780803619033,1.0701800039531569e-09,1.870744296412325e-07
ENSG00000101460,chr20_34705089_T_C_b38,158233,0.4125,125,165,1.7120871486216564e-06,0.21047921,0.042355586,0.00018083780803619033,1.0701800039531569e-09,1.870744296412325e-07
ENSG00000101460,chr20_34706549_A_G_b38,159693,0.4625,134,185,7.238972343205621e-08,0.22606944,0.04002566,0.00018083780803619033,1.0701800039531569e-09,1.870744296412325e-07
ENSG00000101460,chr20_34707141_T_C_b38,160285,0.465,134,186,5.977721819190814e-08,0.22538121,0.039627302,0.00018083780803619033,1.0701800039531569e-09,1.870744296412325e-07
ENSG00000101460,chr20_34719100_T_C_b38,172244,0.385,118,154,3.906364142334327e-07,0.2214218,0.0418302,0.00018083780803619033,1.0701800039531569e-09,1.870744296412325e-07
ENSG00000101460,chr20_34722823_T_TA_b38,175967,0.3925,121,157,4.099512299298314e-07,0.22034553,0.04170864,0.00018083780803619033,1.0701800039531569e-09,1.870744296412325e-07
ENSG00000101460,chr20_34723195_T_C_b38,176339,0.3925,121,157,4.099512299298314e-07,0.22034553,0.04170864,0.00018083780803619033,1.0701800039531569e-09,1.870744296412325e-07
ENSG00000101460,chr20_34754674_G_A_b38,207818,0.3875,119,155,5.105440312673651e-07,0.21925345,0.041877247,0.00018083780803619033,1.0701800039531569e-09,1.870744296412325e-07
ENSG00000101460,chr20_34756792_A_T_b38,209936,0.3875,119,155,5.105440312673651e-07,0.21925345,0.041877247,0.00018083780803619033,1.0701800039531569e-09,1.870744296412325e-07
ENSG00000101460,chr20_34758753_ATC_A_b38,211897,0.3925,121,157,4.099512299298314e-07,0.22034553,0.04170864,0.00018083780803619033,1.0701800039531569e-09,1.870744296412325e-07
ENSG00000101460,chr20_34759525_C_T_b38,212669,0.39,120,156,3.265897098128227e-07,0.22255604,0.04174175,0.00018083780803619033,1.0701800039531569e-09,1.870744296412325e-07
ENSG00000101460,chr20_34813110_G_T_b38,266254,0.385,118,154,3.906364142334327e-07,0.2214218,0.0418302,0.00018083780803619033,1.0701800039531569e-09,1.870744296412325e-07
ENSG00000101460,chr20_34815706_T_C_b38,268850,0.3925,121,157,4.099512299298314e-07,0.22034553,0.04170864,0.00018083780803619033,1.0701800039531569e-09,1.870744296412325e-07
ENSG00000101460,chr20_34816127_A_G_b38,269271,0.385,118,154,3.906372872392453e-07,0.22142178,0.041830204,0.00018083780803619033,1.0701800039531569e-09,1.870744296412325e-07
ENSG00000101460,chr20_34819901_A_C_b38,273045,0.39,120,156,3.265897098128227e-07,0.22255604,0.04174175,0.00018083780803619033,1.0701800039531569e-09,1.870744296412325e-07
ENSG00000101460,chr20_34820233_G_A_b38,273377,0.39,120,156,3.26590445455161e-07,0.22255602,0.04174175,0.00018083780803619033,1.0701800039531569e-09,1.870744296412325e-07
ENSG00000101460,chr20_34821547_G_A_b38,274691,0.4375,128,175,4.830138115924713e-08,0.22705004,0.039616413,0.00018083780803619033,1.0701800039531569e-09,1.870744296412325e-07
ENSG00000101460,chr20_34824219_A_G_b38,277363,0.3925,121,157,4.0995214414700785e-07,0.22034551,0.04170864,0.00018083780803619033,1.0701800039531569e-09,1.870744296412325e-07
ENSG00000101460,chr20_34978696_T_C_b38,431840,0.4425,135,177,2.1857398269842948e-05,0.18887071,0.043174874,0.00018083780803619033,1.0701800039531569e-09,1.870744296412325e-07
ENSG00000101460,chr20_34978704_G_A_b38,431848,0.435,133,174,2.1809592770782442e-05,0.18872985,0.0431374,0.00018083780803619033,1.0701800039531569e-09,1.870744296412325e-07
ENSG00000101460,chr20_34981614_G_A_b38,434758,0.4425,135,177,2.20064330031023e-05,-0.18842831,0.043090105,0.00018083780803619033,1.0701800039531569e-09,1.870744296412325e-07
ENSG00000101460,chr20_34983425_T_G_b38,436569,0.4475,136,179,1.3992570124609656e-05,-0.19159988,0.04274295,0.00018083780803619033,1.0701800039531569e-09,1.870744296412325e-07
ENSG00000101460,chr20_34984293_A_G_b38,437437,0.435,133,174,2.180947318135161e-05,-0.1887299,0.043137398,0.00018083780803619033,1.0701800039531569e-09,1.870744296412325e-07
ENSG00000101460,chr20_34984375_G_A_b38,437519,0.44,134,176,2.4871603301872645e-05,-0.18738602,0.04314765,0.00018083780803619033,1.0701800039531569e-09,1.870744296412325e-07
ENSG00000101460,chr20_34989558_A_G_b38,442702,0.445,136,178,1.8927468888436664e-05,-0.1902983,0.043155234,0.00018083780803619033,1.0701800039531569e-09,1.870744296412325e-07
ENSG00000100991,chr20_34978696_T_C_b38,-114177,0.4425,135,177,2.2252960004381267e-05,-0.25359866,0.05802951,0.00015218648222400276,2.1244802077572568e-07,3.454675303148111e-05
ENSG00000100991,chr20_34978704_G_A_b38,-114169,0.435,133,174,5.851881277601074e-06,-0.26968965,0.0575183,0.00015218648222400276,2.1244802077572568e-07,3.454675303148111e-05
ENSG00000100991,chr20_34978919_T_G_b38,-113954,0.2025,70,81,1.9718617535003934e-06,-0.33678532,0.06820779,0.00015218648222400276,2.1244802077572568e-07,3.454675303148111e-05
ENSG00000100991,chr20_34981614_G_A_b38,-111259,0.4425,135,177,1.5634467866543495e-05,0.25751206,0.05779127,0.00015218648222400276,2.1244802077572568e-07,3.454675303148111e-05
ENSG00000100991,chr20_34983425_T_G_b38,-109448,0.4475,136,179,7.4119222684063505e-06,0.26515076,0.0572247,0.00015218648222400276,2.1244802077572568e-07,3.454675303148111e-05
ENSG00000100991,chr20_34984293_A_G_b38,-108580,0.435,133,174,5.8518927679673865e-06,0.26968965,0.057518303,0.00015218648222400276,2.1244802077572568e-07,3.454675303148111e-05
ENSG00000100991,chr20_34984375_G_A_b38,-108498,0.44,134,176,1.0165204029766562e-05,0.26294723,0.057677485,0.00015218648222400276,2.1244802077572568e-07,3.454675303148111e-05
ENSG00000100991,chr20_34985176_C_T_b38,-107697,0.165,59,66,2.124478764570534e-07,-0.41413766,0.07636391,0.00015218648222400276,2.1244802077572568e-07,3.454675303148111e-05
ENSG00000100991,chr20_34986962_T_C_b38,-105911,0.2,69,80,3.162319713057474e-06,-0.3313752,0.06859865,0.00015218648222400276,2.1244802077572568e-07,3.454675303148111e-05
ENSG00000100991,chr20_34989558_A_G_b38,-103315,0.445,136,178,3.296262913634319e-05,0.2486613,0.058189094,0.00015218648222400276,2.1244802077572568e-07,3.454675303148111e-05
ENSG00000126005,chr20_34815074_C_G_b38,-463059,0.0525,21,21,0.0003513660770943362,-0.49064103,0.134327,0.0003899837208885222,1.4717496610213582e-05,0.0007109128699556192
ENSG00000126005,chr20_35133117_T_C_b38,-145016,0.09,35,36,1.4717499072161657e-05,-0.4502983,0.100727454,0.0003899837208885222,1.4717496610213582e-05,0.0007109128699556192
ENSG00000126005,chr20_35133458_C_G_b38,-144675,0.0925,36,37,8.901751189738325e-05,-0.40704775,0.10122558,0.0003899837208885222,1.4717496610213582e-05,0.0007109128699556192
ENSG00000126005,chr20_35133530_G_A_b38,-144603,0.0925,36,37,8.901751189738325e-05,-0.40704775,0.10122558,0.0003899837208885222,1.4717496610213582e-05,0.0007109128699556192
ENSG00000126005,chr20_35133623_C_T_b38,-144510,0.0925,36,37,8.901751189738325e-05,-0.40704775,0.10122558,0.0003899837208885222,1.4717496610213582e-05,0.0007109128699556192
ENSG00000126005,chr20_35136418_C_T_b38,-141715,0.09,35,36,1.4717499072161657e-05,-0.4502983,0.100727454,0.0003899837208885222,1.4717496610213582e-05,0.0007109128699556192
ENSG00000126005,chr20_35138733_C_T_b38,-139400,0.0875,34,35,2.2348789582518878e-05,-0.4491851,0.102809146,0.0003899837208885222,1.4717496610213582e-05,0.0007109128699556192
ENSG00000126005,chr20_35138828_C_T_b38,-139305,0.0925,36,37,8.901781074880127e-05,-0.40704766,0.10122558,0.0003899837208885222,1.4717496610213582e-05,0.0007109128699556192
ENSG00000126005,chr20_35139070_C_T_b38,-139063,0.0925,36,37,8.901781074880127e-05,-0.40704766,0.10122558,0.0003899837208885222,1.4717496610213582e-05,0.0007109128699556192
ENSG00000126005,chr20_35140432_C_T_b38,-137701,0.0875,34,35,2.2348789582518878e-05,-0.4491851,0.102809146,0.0003899837208885222,1.4717496610213582e-05,0.0007109128699556192
ENSG00000126005,chr20_35143681_T_A_b38,-134452,0.09,35,36,1.4717499072161657e-05,-0.45029828,0.10072745,0.0003899837208885222,1.4717496610213582e-05,0.0007109128699556192
ENSG00000101019,chr20_35352170_G_C_b38,-59973,0.27249998,90,109,6.244704454757001e-05,0.2627382,0.063888706,0.00016215019507507693,6.24470545452222e-05,0.006814650305078505
ENSG00000224497,chr20_35456125_C_T_b38,-88624,0.23250002,82,93,2.649955286335197e-10,-0.6497261,0.09632765,0.00018948322471115393,1.0810958284233126e-18,1.6932214548117004e-16
ENSG00000224497,chr20_35457370_G_A_b38,-87379,0.2325,82,93,2.649931900255144e-10,0.6497263,0.096327655,0.00018948322471115393,1.0810958284233126e-18,1.6932214548117004e-16
ENSG00000224497,chr20_35457571_C_G_b38,-87178,0.23250002,82,93,2.649939695592983e-10,-0.6497262,0.096327655,0.00018948322471115393,1.0810958284233126e-18,1.6932214548117004e-16
ENSG00000224497,chr20_35457692_A_G_b38,-87057,0.2325,82,93,2.649931900255144e-10,0.6497263,0.096327655,0.00018948322471115393,1.0810958284233126e-18,1.6932214548117004e-16
ENSG00000224497,chr20_35457769_A_C_b38,-86980,0.0475,18,19,6.651514263821646e-11,1.2464,0.17804861,0.00018948322471115393,1.0810958284233126e-18,1.6932214548117004e-16
ENSG00000224497,chr20_35457770_G_C_b38,-86979,0.0475,18,19,6.651514263821646e-11,1.2464,0.17804861,0.00018948322471115393,1.0810958284233126e-18,1.6932214548117004e-16
ENSG00000224497,chr20_35457790_T_A_b38,-86959,0.2325,82,93,2.649931900255144e-10,0.6497263,0.096327655,0.00018948322471115393,1.0810958284233126e-18,1.6932214548117004e-16
ENSG00000224497,chr20_35458678_G_A_b38,-86071,0.2325,82,93,2.6499085143747493e-10,0.6497264,0.09632765,0.00018948322471115393,1.0810958284233126e-18,1.6932214548117004e-16
ENSG00000224497,chr20_35459235_G_GT_b38,-85514,0.2325,82,93,2.6499085143747493e-10,0.6497264,0.09632765,0.00018948322471115393,1.0810958284233126e-18,1.6932214548117004e-16
ENSG00000224497,chr20_35460341_C_T_b38,-84408,0.2325,82,93,2.6499085143747493e-10,0.6497264,0.09632765,0.00018948322471115393,1.0810958284233126e-18,1.6932214548117004e-16
ENSG00000224497,chr20_35460805_T_C_b38,-83944,0.2325,82,93,2.6499085143747493e-10,0.6497264,0.09632765,0.00018948322471115393,1.0810958284233126e-18,1.6932214548117004e-16
ENSG00000224497,chr20_35460841_C_T_b38,-83908,0.2325,82,93,2.6499085143747493e-10,0.6497264,0.09632765,0.00018948322471115393,1.0810958284233126e-18,1.6932214548117004e-16
ENSG00000224497,chr20_35461354_A_C_b38,-83395,0.135,52,54,1.081094644206537e-18,1.0238215,0.10200291,0.00018948322471115393,1.0810958284233126e-18,1.6932214548117004e-16
ENSG00000224497,chr20_35461395_C_CTCT_b38,-83354,0.2325,82,93,2.906447231678323e-10,0.6585238,0.09788223,0.00018948322471115393,1.0810958284233126e-18,1.6932214548117004e-16
ENSG00000224497,chr20_35664060_G_C_b38,119311,0.0725,26,29,9.35403683282639e-07,0.77084225,0.15104166,0.00018948322471115393,1.0810958284233126e-18,1.6932214548117004e-16
ENSG00000224497,chr20_35664934_G_A_b38,120185,0.0725,26,29,9.35403683282639e-07,0.77084225,0.15104166,0.00018948322471115393,1.0810958284233126e-18,1.6932214548117004e-16
ENSG00000224497,chr20_35665734_C_G_b38,120985,0.0725,26,29,9.35403683282639e-07,0.77084225,0.15104166,0.00018948322471115393,1.0810958284233126e-18,1.6932214548117004e-16
ENSG00000224497,chr20_35669362_G_T_b38,124613,0.0725,26,29,9.35403683282639e-07,0.77084225,0.15104166,0.00018948322471115393,1.0810958284233126e-18,1.6932214548117004e-16
ENSG00000224497,chr20_35696767_G_A_b38,152018,0.0725,26,29,9.35403683282639e-07,0.77084225,0.15104166,0.00018948322471115393,1.0810958284233126e-18,1.6932214548117004e-16
ENSG00000224497,chr20_35698329_G_T_b38,153580,0.0725,26,29,9.35403683282639e-07,0.77084225,0.15104166,0.00018948322471115393,1.0810958284233126e-18,1.6932214548117004e-16
ENSG00000224497,chr20_35701728_T_A_b38,156979,0.0775,28,31,6.129346493214801e-07,0.7658041,0.14738421,0.00018948322471115393,1.0810958284233126e-18,1.6932214548117004e-16
ENSG00000224497,chr20_35702359_A_G_b38,157610,0.0725,26,29,9.35403683282639e-07,0.77084225,0.15104166,0.00018948322471115393,1.0810958284233126e-18,1.6932214548117004e-16
ENSG00000224497,chr20_35771665_G_A_b38,226916,0.0825,30,33,4.09102654763843e-06,0.68062514,0.14263996,0.00018948322471115393,1.0810958284233126e-18,1.6932214548117004e-16
ENSG00000224497,chr20_35774404_A_T_b38,229655,0.07999998,29,32,1.0264208387097575e-06,-0.7310247,0.14381616,0.00018948322471115393,1.0810958284233126e-18,1.6932214548117004e-16
ENSG00000224497,chr20_35775662_A_G_b38,230913,0.07999998,29,32,1.0264208387097575e-06,-0.7310247,0.14381616,0.00018948322471115393,1.0810958284233126e-18,1.6932214548117004e-16
ENSG00000224497,chr20_35777190_G_T_b38,232441,0.075,27,30,1.7908653344001406e-06,0.7363597,0.14848185,0.00018948322471115393,1.0810958284233126e-18,1.6932214548117004e-16
ENSG00000224497,chr20_35779810_T_C_b38,235061,0.07999998,29,32,1.0264208387097575e-06,-0.7310247,0.14381616,0.00018948322471115393,1.0810958284233126e-18,1.6932214548117004e-16
ENSG00000224497,chr20_35780106_C_G_b38,235357,0.07999998,29,32,1.0264208387097575e-06,-0.7310247,0.14381616,0.00018948322471115393,1.0810958284233126e-18,1.6932214548117004e-16
ENSG00000224497,chr20_35865440_T_A_b38,320691,0.085,31,34,5.632593539219007e-06,0.6635634,0.14125428,0.00018948322471115393,1.0810958284233126e-18,1.6932214548117004e-16
ENSG00000224497,chr20_35871467_CCT_C_b38,326718,0.075,27,30,1.7908653344001406e-06,0.7363597,0.14848185,0.00018948322471115393,1.0810958284233126e-18,1.6932214548117004e-16
ENSG00000214078,chr20_35536512_A_C_b38,-128249,0.115,44,46,2.600805249260914e-08,-0.68923974,0.1176787,0.00030116550630796495,5.519993104505787e-09,3.1476997733966823e-07
ENSG00000214078,chr20_35536699_C_T_b38,-128062,0.1175,45,47,4.181519989447622e-08,-0.6741818,0.11703223,0.00030116550630796495,5.519993104505787e-09,3.1476997733966823e-07
ENSG00000214078,chr20_35536779_G_C_b38,-127982,0.13,50,52,7.933837283968948e-09,-0.6952147,0.114086084,0.00030116550630796495,5.519993104505787e-09,3.1476997733966823e-07
ENSG00000214078,chr20_35537447_C_T_b38,-127314,0.1225,47,49,1.5329050587062615e-07,-0.64757377,0.11791237,0.00030116550630796495,5.519993104505787e-09,3.1476997733966823e-07
ENSG00000214078,chr20_35537487_T_C_b38,-127274,0.13,50,52,7.933837283968948e-09,-0.6952147,0.114086084,0.00030116550630796495,5.519993104505787e-09,3.1476997733966823e-07
ENSG00000214078,chr20_35539003_T_C_b38,-125758,0.125,48,50,5.519994620845288e-09,-0.7080815,0.114853844,0.00030116550630796495,5.519993104505787e-09,3.1476997733966823e-07
ENSG00000214078,chr20_35540122_G_A_b38,-124639,0.1175,45,47,4.1815302491379765e-08,-0.67418176,0.11703223,0.00030116550630796495,5.519993104505787e-09,3.1476997733966823e-07
ENSG00000214078,chr20_35543647_C_T_b38,-121114,0.115,44,46,2.600805249260914e-08,-0.68923974,0.1176787,0.00030116550630796495,5.519993104505787e-09,3.1476997733966823e-07
ENSG00000214078,chr20_35544211_T_C_b38,-120550,0.13,50,52,7.933837283968948e-09,-0.6952147,0.114086084,0.00030116550630796495,5.519993104505787e-09,3.1476997733966823e-07
ENSG00000214078,chr20_35544511_C_T_b38,-120250,0.13,50,52,7.933837283968948e-09,-0.6952147,0.114086084,0.00030116550630796495,5.519993104505787e-09,3.1476997733966823e-07
ENSG00000214078,chr20_35545279_C_T_b38,-119482,0.1175,45,47,4.1815302491379765e-08,-0.67418176,0.11703223,0.00030116550630796495,5.519993104505787e-09,3.1476997733966823e-07
ENSG00000214078,chr20_35545280_A_G_b38,-119481,0.13,50,52,7.933837283968948e-09,-0.6952147,0.114086084,0.00030116550630796495,5.519993104505787e-09,3.1476997733966823e-07
ENSG00000214078,chr20_35545566_TCAA_T_b38,-119195,0.1175,45,47,4.1815302491379765e-08,-0.67418176,0.11703223,0.00030116550630796495,5.519993104505787e-09,3.1476997733966823e-07
ENSG00000214078,chr20_35547876_A_G_b38,-116885,0.23000002,81,92,1.0104064129930992e-06,0.4641483,0.091250695,0.00030116550630796495,5.519993104505787e-09,3.1476997733966823e-07
ENSG00000214078,chr20_35549038_C_T_b38,-115723,0.1175,45,47,4.181519989447622e-08,-0.6741818,0.11703223,0.00030116550630796495,5.519993104505787e-09,3.1476997733966823e-07
ENSG00000214078,chr20_35550275_A_G_b38,-114486,0.1225,48,49,5.1518107570888094e-05,-0.5077925,0.122025974,0.00030116550630796495,5.519993104505787e-09,3.1476997733966823e-07
ENSG00000214078,chr20_35550386_C_A_b38,-114375,0.1175,46,47,2.8567514535011755e-05,-0.5316297,0.1233829,0.00030116550630796495,5.519993104505787e-09,3.1476997733966823e-07
ENSG00000214078,chr20_35550652_A_G_b38,-114109,0.22000003,79,88,2.5889928085735063e-05,0.41802937,0.09647488,0.00030116550630796495,5.519993104505787e-09,3.1476997733966823e-07
ENSG00000214078,chr20_35551009_A_C_b38,-113752,0.1275,49,51,0.000220311045803641,-0.44658756,0.11811871,0.00030116550630796495,5.519993104505787e-09,3.1476997733966823e-07
ENSG00000214078,chr20_35554486_C_T_b38,-110275,0.13,50,52,4.950079237693253e-07,-0.60351926,0.11512475,0.00030116550630796495,5.519993104505787e-09,3.1476997733966823e-07
ENSG00000214078,chr20_35554516_G_A_b38,-110245,0.1275,49,51,3.431037158388908e-07,-0.615635,0.1156952,0.00030116550630796495,5.519993104505787e-09,3.1476997733966823e-07
ENSG00000214078,chr20_35554756_C_T_b38,-110005,0.23500001,82,94,4.683289571035546e-06,0.42804042,0.090295374,0.00030116550630796495,5.519993104505787e-09,3.1476997733966823e-07
ENSG00000214078,chr20_35554899_T_G_b38,-109862,0.13,50,52,4.950079237693253e-07,-0.60351926,0.11512475,0.00030116550630796495,5.519993104505787e-09,3.1476997733966823e-07
ENSG00000214078,chr20_35555321_G_A_b38,-109440,0.21749997,79,87,1.1963081458559752e-06,0.47331497,0.09374083,0.00030116550630796495,5.519993104505787e-09,3.1476997733966823e-07
ENSG00000214078,chr20_35555507_A_T_b38,-109254,0.1425,55,57,1.2327509450836887e-07,-0.62088597,0.11212148,0.00030116550630796495,5.519993104505787e-09,3.1476997733966823e-07
ENSG00000214078,chr20_35557690_T_C_b38,-107071,0.19849241,71,80,3.307037896410663e-08,0.55888605,0.096221015,0.00030116550630796495,5.519993104505787e-09,3.1476997733966823e-07
ENSG00000214078,chr20_35558539_TG_T_b38,-106222,0.22750002,81,91,1.976453538784224e-05,0.40703428,0.09252675,0.00030116550630796495,5.519993104505787e-09,3.1476997733966823e-07
ENSG00000214078,chr20_35559863_G_A_b38,-104898,0.12,45,48,1.7070576639724895e-06,-0.57064295,0.11481757,0.00030116550630796495,5.519993104505787e-09,3.1476997733966823e-07
ENSG00000214078,chr20_35560231_G_A_b38,-104530,0.22250003,79,89,7.780513943698992e-07,0.47361383,0.0920724,0.00030116550630796495,5.519993104505787e-09,3.1476997733966823e-07
ENSG00000214078,chr20_35560721_G_A_b38,-104040,0.1225,46,49,7.646319302552116e-07,-0.5856543,0.1137693,0.00030116550630796495,5.519993104505787e-09,3.1476997733966823e-07
ENSG00000214078,chr20_35560926_A_G_b38,-103835,0.05,19,20,9.563401469215659e-05,-0.702424,0.17549364,0.00030116550630796495,5.519993104505787e-09,3.1476997733966823e-07
ENSG00000214078,chr20_35562378_G_A_b38,-102383,0.20999998,77,84,1.0012412621425675e-06,0.480132,0.09435579,0.00030116550630796495,5.519993104505787e-09,3.1476997733966823e-07
ENSG00000214078,chr20_35564250_T_A_b38,-100511,0.21749997,78,87,1.2951920681390913e-07,0.51419175,0.09302776,0.00030116550630796495,5.519993104505787e-09,3.1476997733966823e-07
ENSG00000214078,chr20_35564866_C_T_b38,-99895,0.12,46,48,6.682271370300073e-08,-0.66191554,0.1168511,0.00030116550630796495,5.519993104505787e-09,3.1476997733966823e-07
ENSG00000214078,chr20_35565425_T_C_b38,-99336,0.20749998,76,83,2.931930366506699e-07,0.5068106,0.09464643,0.00030116550630796495,5.519993104505787e-09,3.1476997733966823e-07
ENSG00000214078,chr20_35565683_G_A_b38,-99078,0.195,72,78,1.3694906458855965e-06,0.47947758,0.09552924,0.00030116550630796495,5.519993104505787e-09,3.1476997733966823e-07
ENSG00000214078,chr20_35565933_T_C_b38,-98828,0.195,72,78,1.3694906458855965e-06,0.47947758,0.09552924,0.00030116550630796495,5.519993104505787e-09,3.1476997733966823e-07
ENSG00000214078,chr20_35565939_C_A_b38,-98822,0.195,72,78,1.3694906458855965e-06,0.47947758,0.09552924,0.00030116550630796495,5.519993104505787e-09,3.1476997733966823e-07
ENSG00000214078,chr20_35566170_G_A_b38,-98591,0.195,72,78,1.3694906458855965e-06,0.47947758,0.09552924,0.00030116550630796495,5.519993104505787e-09,3.1476997733966823e-07
ENSG00000214078,chr20_35566207_C_T_b38,-98554,0.195,72,78,1.3694906458855965e-06,0.47947758,0.09552924,0.00030116550630796495,5.519993104505787e-09,3.1476997733966823e-07
ENSG00000214078,chr20_35566454_A_C_b38,-98307,0.20749998,76,83,2.931943637179588e-07,0.5068106,0.09464645,0.00030116550630796495,5.519993104505787e-09,3.1476997733966823e-07
ENSG00000214078,chr20_35566823_C_T_b38,-97938,0.195,72,78,1.3694906458855965e-06,-0.47947758,0.09552924,0.00030116550630796495,5.519993104505787e-09,3.1476997733966823e-07
ENSG00000214078,chr20_35567019_G_C_b38,-97742,0.12,46,48,6.682287460924083e-08,-0.6619155,0.1168511,0.00030116550630796495,5.519993104505787e-09,3.1476997733966823e-07
ENSG00000214078,chr20_35568093_A_C_b38,-96668,0.2075,76,83,2.931937001835966e-07,-0.5068106,0.09464644,0.00030116550630796495,5.519993104505787e-09,3.1476997733966823e-07
ENSG00000132821,chr20_37993653_G_C_b38,90547,0.2425,83,97,9.746333691993303e-05,-0.33152363,0.082930125,0.0001337416086350094,4.106781091596665e-05,0.004654744397892734
ENSG00000132821,chr20_37995468_T_A_b38,92362,0.2375,81,95,4.1067805609839226e-05,-0.35402977,0.08392387,0.0001337416086350094,4.106781091596665e-05,0.004654744397892734
ENSG00000132821,chr20_38000451_A_ACGGCCAGCGCAGGCTTCCCTCCCGCGTGGG_b38,97345,0.47814202,148,192,8.13769745149936e-05,0.29193038,0.07218083,0.0001337416086350094,4.106781091596665e-05,0.004654744397892734
ENSG00000101447,chr20_38968767_G_T_b38,42453,0.19,71,76,1.9050820815630513e-08,0.48484734,0.08190556,0.00016504871481504648,1.9050821259200147e-08,3.4891776377586722e-06
ENSG00000101447,chr20_39086264_TTG_T_b38,159950,0.2875,97,115,0.00015733605911615555,-0.28522643,0.07367541,0.00016504871481504648,1.9050821259200147e-08,3.4891776377586722e-06
ENSG00000204103,chr20_39311814_C_T_b38,-1377428,0.0075,3,3,6.167795853678505e-05,1.3005017,0.3159933,0.00011606610648828997,6.167796490279304e-05,0.006153271979011116
ENSG00000183798,chr20_41145523_T_C_b38,-221306,0.485,147,194,2.9049339663900822e-05,0.31238252,0.07256868,0.0004573302468109417,4.294910762519431e-06,0.00012050616943910012
ENSG00000183798,chr20_41147406_C_T_b38,-219423,0.4925,147,197,4.521298485193432e-05,0.30641732,0.073055565,0.0004573302468109417,4.294910762519431e-06,0.00012050616943910012
ENSG00000183798,chr20_41147805_G_A_b38,-219024,0.14,55,56,1.2797936126316592e-05,0.48818105,0.108388074,0.0004573302468109417,4.294910762519431e-06,0.00012050616943910012
ENSG00000183798,chr20_41281244_GTTAC_G_b38,-85585,0.145,56,58,1.0645011024470168e-05,0.47193494,0.1037684,0.0004573302468109417,4.294910762519431e-06,0.00012050616943910012
ENSG00000183798,chr20_41281464_C_G_b38,-85365,0.485,145,194,2.341185985684563e-05,0.30687714,0.07042117,0.0004573302468109417,4.294910762519431e-06,0.00012050616943910012
ENSG00000183798,chr20_41282703_G_A_b38,-84126,0.4875,146,195,2.755133303274029e-05,0.30781823,0.07129187,0.0004573302468109417,4.294910762519431e-06,0.00012050616943910012
ENSG00000183798,chr20_41282745_A_G_b38,-84084,0.495,146,198,4.250012703943172e-05,0.30214596,0.07177099,0.0004573302468109417,4.294910762519431e-06,0.00012050616943910012
ENSG00000183798,chr20_41282975_C_T_b38,-83854,0.145,56,58,1.0645011024470168e-05,0.47193494,0.1037684,0.0004573302468109417,4.294910762519431e-06,0.00012050616943910012
ENSG00000183798,chr20_41283263_C_G_b38,-83566,0.145,56,58,1.0645011024470168e-05,0.47193494,0.1037684,0.0004573302468109417,4.294910762519431e-06,0.00012050616943910012
ENSG00000183798,chr20_41284992_C_G_b38,-81837,0.4325,133,173,7.772407016989725e-05,0.3046028,0.07509402,0.0004573302468109417,4.294910762519431e-06,0.00012050616943910012
ENSG00000183798,chr20_41285356_T_C_b38,-81473,0.3675,123,147,4.294910654212079e-06,0.35414645,0.07439381,0.0004573302468109417,4.294910762519431e-06,0.00012050616943910012
ENSG00000183798,chr20_41286105_G_A_b38,-80724,0.49,145,196,2.515337065253059e-05,0.3053305,0.07035046,0.0004573302468109417,4.294910762519431e-06,0.00012050616943910012
ENSG00000183798,chr20_41584254_A_G_b38,217425,0.27,89,108,1.674963660408025e-05,0.36518058,0.08226165,0.0004573302468109417,4.294910762519431e-06,0.00012050616943910012
ENSG00000183798,chr20_41584369_C_T_b38,217540,0.2775,91,111,4.0006303552921795e-05,0.35706657,0.084512286,0.0004573302468109417,4.294910762519431e-06,0.00012050616943910012
ENSG00000183798,chr20_41586095_T_C_b38,219266,0.235,77,94,0.00042798053830543945,0.2964482,0.082406454,0.0004573302468109417,4.294910762519431e-06,0.00012050616943910012
ENSG00000124177,chr20_41534631_C_A_b38,-83865,0.03,12,12,0.00015757329498653687,0.5105739,0.13189748,0.0003685344385273997,0.0001575732512964961,0.004458882888661534
ENSG00000101104,chr20_43664939_C_T_b38,-1245125,0.02,6,8,9.264713444615483e-05,-0.64613366,0.16109782,0.0001232757463838836,3.9969978848334896e-05,0.004906809958377825
ENSG00000101104,chr20_43665754_T_C_b38,-1244310,0.0075,3,3,3.996997451549825e-05,-1.3577443,0.32134035,0.0001232757463838836,3.9969978848334896e-05,0.004906809958377825
ENSG00000124116,chr20_45513755_A_G_b38,-278179,0.33749998,114,135,1.0125365609448207e-05,0.46829027,0.10269848,0.00010941205149828047,8.185409982318203e-16,2.8406988042656513e-13
ENSG00000124116,chr20_45519174_A_G_b38,-272760,0.4825,147,193,5.298818215891673e-05,0.39575437,0.09526563,0.00010941205149828047,8.185409982318203e-16,2.8406988042656513e-13
ENSG00000124116,chr20_45519311_G_C_b38,-272623,0.4825,147,193,5.298818215891673e-05,0.39575437,0.09526563,0.00010941205149828047,8.185409982318203e-16,2.8406988042656513e-13
ENSG00000124116,chr20_45521140_T_C_b38,-270794,0.3675,125,147,4.235158370283804e-06,0.49406412,0.10371529,0.00010941205149828047,8.185409982318203e-16,2.8406988042656513e-13
ENSG00000124116,chr20_45571792_A_G_b38,-220142,0.34249997,116,137,4.812893292950897e-08,0.56671125,0.098868966,0.00010941205149828047,8.185409982318203e-16,2.8406988042656513e-13
ENSG00000124116,chr20_45579865_A_G_b38,-212069,0.4875,149,195,3.57507815745891e-05,0.40626076,0.09552052,0.00010941205149828047,8.185409982318203e-16,2.8406988042656513e-13
ENSG00000124116,chr20_45582494_G_A_b38,-209440,0.5,152,200,8.971417713769996e-06,-0.43548682,0.09490794,0.00010941205149828047,8.185409982318203e-16,2.8406988042656513e-13
ENSG00000124116,chr20_45585727_C_T_b38,-206207,0.4975,151,199,2.9153632807794468e-06,-0.45304212,0.09342673,0.00010941205149828047,8.185409982318203e-16,2.8406988042656513e-13
ENSG00000124116,chr20_45587789_T_C_b38,-204145,0.4875,148,195,2.81579266506798e-06,-0.44793287,0.092222735,0.00010941205149828047,8.185409982318203e-16,2.8406988042656513e-13
ENSG00000124116,chr20_45587844_T_C_b38,-204090,0.4875,148,195,2.81579266506798e-06,-0.44793287,0.092222735,0.00010941205149828047,8.185409982318203e-16,2.8406988042656513e-13
ENSG00000124116,chr20_45587855_G_T_b38,-204079,0.4875,148,195,2.81579266506798e-06,-0.44793287,0.092222735,0.00010941205149828047,8.185409982318203e-16,2.8406988042656513e-13
ENSG00000124116,chr20_45587945_G_A_b38,-203989,0.4875,148,195,2.81579266506798e-06,-0.44793287,0.092222735,0.00010941205149828047,8.185409982318203e-16,2.8406988042656513e-13
ENSG00000124116,chr20_45588050_C_T_b38,-203884,0.4875,148,195,2.81579266506798e-06,-0.44793287,0.092222735,0.00010941205149828047,8.185409982318203e-16,2.8406988042656513e-13
ENSG00000124116,chr20_45588092_A_C_b38,-203842,0.4875,148,195,2.81579266506798e-06,-0.44793287,0.092222735,0.00010941205149828047,8.185409982318203e-16,2.8406988042656513e-13
ENSG00000124116,chr20_45588272_G_A_b38,-203662,0.4875,148,195,2.81579266506798e-06,-0.44793287,0.092222735,0.00010941205149828047,8.185409982318203e-16,2.8406988042656513e-13
ENSG00000124116,chr20_45809660_G_A_b38,17726,0.3025,103,121,8.185416348423012e-16,0.7732001,0.08632779,0.00010941205149828047,8.185409982318203e-16,2.8406988042656513e-13
ENSG00000124116,chr20_45810335_G_T_b38,18401,0.34500003,113,138,2.325490302078109e-15,0.7305375,0.083175555,0.00010941205149828047,8.185409982318203e-16,2.8406988042656513e-13
ENSG00000124116,chr20_45811711_A_G_b38,19777,0.4375,134,175,1.1890478954467553e-09,0.57667196,0.0892432,0.00010941205149828047,8.185409982318203e-16,2.8406988042656513e-13
ENSG00000124116,chr20_45812051_G_A_b38,20117,0.3025,103,121,8.185416348423012e-16,0.7732001,0.08632779,0.00010941205149828047,8.185409982318203e-16,2.8406988042656513e-13
ENSG00000124116,chr20_45814960_T_TC_b38,23026,0.14393938,54,58,6.386155515643819e-08,0.76826924,0.13540322,0.00010941205149828047,8.185409982318203e-16,2.8406988042656513e-13
ENSG00000124116,chr20_45815127_A_G_b38,23193,0.31,105,124,1.0519383771752902e-15,0.76087785,0.085348256,0.00010941205149828047,8.185409982318203e-16,2.8406988042656513e-13
ENSG00000124116,chr20_45873133_T_G_b38,81199,0.40750003,133,163,4.227529809425114e-06,0.44918504,0.094285935,0.00010941205149828047,8.185409982318203e-16,2.8406988042656513e-13
ENSG00000124116,chr20_45874460_T_C_b38,82526,0.32999998,113,132,4.093555489222357e-06,0.4636851,0.09717831,0.00010941205149828047,8.185409982318203e-16,2.8406988042656513e-13
ENSG00000124116,chr20_45875841_T_A_b38,83907,0.435,140,174,9.674367324111464e-05,0.38903674,0.09726996,0.00010941205149828047,8.185409982318203e-16,2.8406988042656513e-13
ENSG00000124116,chr20_45876536_T_G_b38,84602,0.365,124,146,3.107232257931161e-06,0.47109622,0.097441696,0.00010941205149828047,8.185409982318203e-16,2.8406988042656513e-13
ENSG00000124116,chr20_45877334_T_C_b38,85400,0.39749998,131,159,2.2225480659123355e-06,0.46751416,0.09520367,0.00010941205149828047,8.185409982318203e-16,2.8406988042656513e-13
ENSG00000124116,chr20_45879880_C_CTTTTTGT_b38,87946,0.39499998,130,158,2.65813685274312e-06,0.45970657,0.09439239,0.00010941205149828047,8.185409982318203e-16,2.8406988042656513e-13
ENSG00000124116,chr20_45880903_T_A_b38,88969,0.36683416,125,147,4.219434015361909e-06,0.4650755,0.097612366,0.00010941205149828047,8.185409982318203e-16,2.8406988042656513e-13
ENSG00000124116,chr20_45881123_T_C_b38,89189,0.3625,123,145,3.1566159824041695e-06,0.46930268,0.09714301,0.00010941205149828047,8.185409982318203e-16,2.8406988042656513e-13
ENSG00000124116,chr20_45882175_A_G_b38,90241,0.39499998,130,158,2.65813685274312e-06,0.45970657,0.09439239,0.00010941205149828047,8.185409982318203e-16,2.8406988042656513e-13
ENSG00000124116,chr20_45936043_G_A_b38,144109,0.48250002,152,193,6.693997293062486e-05,-0.39564833,0.09662522,0.00010941205149828047,8.185409982318203e-16,2.8406988042656513e-13
ENSG00000124116,chr20_45980368_G_A_b38,188434,0.4425,136,177,2.344900821411353e-05,0.40129787,0.09209674,0.00010941205149828047,8.185409982318203e-16,2.8406988042656513e-13
ENSG00000101457,chr20_45488615_C_T_b38,-303324,0.4325,138,173,4.1106092213170186e-06,0.24439627,0.051230416,0.00011878051661737499,1.0630682722259286e-17,6.777550159043824e-15
ENSG00000101457,chr20_45488619_G_A_b38,-303320,0.41500002,134,166,3.5542416688092105e-06,0.24409533,0.05081166,0.00011878051661737499,1.0630682722259286e-17,6.777550159043824e-15
ENSG00000101457,chr20_45488741_C_A_b38,-303198,0.4325,138,173,4.1106092213170186e-06,0.24439627,0.051230416,0.00011878051661737499,1.0630682722259286e-17,6.777550159043824e-15
ENSG00000101457,chr20_45489705_C_T_b38,-302234,0.41500002,134,166,3.554248827827935e-06,0.2440953,0.050811656,0.00011878051661737499,1.0630682722259286e-17,6.777550159043824e-15
ENSG00000101457,chr20_45490038_G_T_b38,-301901,0.41500002,134,166,3.554248827827935e-06,0.2440953,0.050811656,0.00011878051661737499,1.0630682722259286e-17,6.777550159043824e-15
ENSG00000101457,chr20_45490624_C_T_b38,-301315,0.4325,138,173,4.1106092213170186e-06,0.24439627,0.051230416,0.00011878051661737499,1.0630682722259286e-17,6.777550159043824e-15
ENSG00000101457,chr20_45490875_G_A_b38,-301064,0.41250002,133,165,2.0598687416694584e-06,0.24825656,0.050378673,0.00011878051661737499,1.0630682722259286e-17,6.777550159043824e-15
ENSG00000101457,chr20_45490942_C_T_b38,-300997,0.41250002,133,165,2.0598687416694584e-06,0.24825656,0.050378673,0.00011878051661737499,1.0630682722259286e-17,6.777550159043824e-15
ENSG00000101457,chr20_45491101_G_C_b38,-300838,0.4325,138,173,4.1106092213170186e-06,0.24439627,0.051230416,0.00011878051661737499,1.0630682722259286e-17,6.777550159043824e-15
ENSG00000101457,chr20_45491426_T_C_b38,-300513,0.41500002,134,166,3.5542416688092105e-06,0.24409533,0.05081166,0.00011878051661737499,1.0630682722259286e-17,6.777550159043824e-15
ENSG00000101457,chr20_45492011_A_G_b38,-299928,0.41500002,134,166,3.554248827827935e-06,0.2440953,0.050811656,0.00011878051661737499,1.0630682722259286e-17,6.777550159043824e-15
ENSG00000101457,chr20_45493167_G_A_b38,-298772,0.1375,52,55,1.932931316996443e-07,-0.37400687,0.06871108,0.00011878051661737499,1.0630682722259286e-17,6.777550159043824e-15
ENSG00000101457,chr20_45493921_A_G_b38,-298018,0.41000003,132,164,1.28589231462858e-06,0.2519952,0.050066907,0.00011878051661737499,1.0630682722259286e-17,6.777550159043824e-15
ENSG00000101457,chr20_45512401_T_C_b38,-279538,0.49,147,196,7.010027878746888e-05,0.20097883,0.04922522,0.00011878051661737499,1.0630682722259286e-17,6.777550159043824e-15
ENSG00000101457,chr20_45512691_A_G_b38,-279248,0.495,148,198,0.00011715941812341239,0.19802275,0.05013924,0.00011878051661737499,1.0630682722259286e-17,6.777550159043824e-15
ENSG00000101457,chr20_45513735_T_C_b38,-278204,0.41750002,133,167,6.919938033295124e-06,0.23604251,0.050766103,0.00011878051661737499,1.0630682722259286e-17,6.777550159043824e-15
ENSG00000101457,chr20_45513755_A_G_b38,-278184,0.33749998,114,135,1.6443555191854864e-08,0.31215248,0.05247086,0.00011878051661737499,1.0630682722259286e-17,6.777550159043824e-15
ENSG00000101457,chr20_45516960_G_T_b38,-274979,0.48000002,149,192,7.467286450012743e-06,0.23551922,0.050848812,0.00011878051661737499,1.0630682722259286e-17,6.777550159043824e-15
ENSG00000101457,chr20_45516975_T_C_b38,-274964,0.4825,147,193,6.201791395176105e-05,0.20640127,0.050168067,0.00011878051661737499,1.0630682722259286e-17,6.777550159043824e-15
ENSG00000101457,chr20_45517059_G_T_b38,-274880,0.4825,147,193,6.201791395176105e-05,0.20640127,0.050168067,0.00011878051661737499,1.0630682722259286e-17,6.777550159043824e-15
ENSG00000101457,chr20_45517215_C_T_b38,-274724,0.49,148,196,0.00010908893461161698,0.19874817,0.050085407,0.00011878051661737499,1.0630682722259286e-17,6.777550159043824e-15
ENSG00000101457,chr20_45519174_A_G_b38,-272765,0.4825,147,193,9.414563172644827e-05,0.20342961,0.05077308,0.00011878051661737499,1.0630682722259286e-17,6.777550159043824e-15
ENSG00000101457,chr20_45519311_G_C_b38,-272628,0.4825,147,193,9.414563172644827e-05,0.20342961,0.05077308,0.00011878051661737499,1.0630682722259286e-17,6.777550159043824e-15
ENSG00000101457,chr20_45520553_A_C_b38,-271386,0.4825,147,193,6.201791395176105e-05,0.20640127,0.050168067,0.00011878051661737499,1.0630682722259286e-17,6.777550159043824e-15
ENSG00000101457,chr20_45521140_T_C_b38,-270799,0.3675,125,147,1.0397473476880695e-08,0.32085904,0.053119607,0.00011878051661737499,1.0630682722259286e-17,6.777550159043824e-15
ENSG00000101457,chr20_45570438_AATTAAT_A_b38,-221501,0.3825,123,153,4.738018662705647e-05,0.21480659,0.05135834,0.00011878051661737499,1.0630682722259286e-17,6.777550159043824e-15
ENSG00000101457,chr20_45570622_C_T_b38,-221317,0.3875,125,155,9.941047206184098e-05,0.20564474,0.05150816,0.00011878051661737499,1.0630682722259286e-17,6.777550159043824e-15
ENSG00000101457,chr20_45570651_A_T_b38,-221288,0.3875,125,155,9.941047206184098e-05,0.20564474,0.05150816,0.00011878051661737499,1.0630682722259286e-17,6.777550159043824e-15
ENSG00000101457,chr20_45571792_A_G_b38,-220147,0.34249997,116,137,2.288956373220888e-09,0.32662097,0.05154874,0.00011878051661737499,1.0630682722259286e-17,6.777550159043824e-15
ENSG00000101457,chr20_45571849_A_G_b38,-220090,0.3825,123,153,4.738018662705647e-05,0.21480659,0.05135834,0.00011878051661737499,1.0630682722259286e-17,6.777550159043824e-15
ENSG00000101457,chr20_45572129_A_G_b38,-219810,0.3875,125,155,9.941047206184098e-05,0.20564474,0.05150816,0.00011878051661737499,1.0630682722259286e-17,6.777550159043824e-15
ENSG00000101457,chr20_45572176_G_A_b38,-219763,0.3875,125,155,9.941030637644602e-05,0.20564477,0.05150816,0.00011878051661737499,1.0630682722259286e-17,6.777550159043824e-15
ENSG00000101457,chr20_45572258_G_A_b38,-219681,0.3875,125,155,9.941030637644602e-05,0.20564477,0.05150816,0.00011878051661737499,1.0630682722259286e-17,6.777550159043824e-15
ENSG00000101457,chr20_45573032_A_G_b38,-218907,0.3825,123,153,4.738018662705647e-05,0.21480659,0.05135834,0.00011878051661737499,1.0630682722259286e-17,6.777550159043824e-15
ENSG00000101457,chr20_45573240_A_G_b38,-218699,0.3775,122,151,8.018338952609767e-05,0.2110476,0.052133076,0.00011878051661737499,1.0630682722259286e-17,6.777550159043824e-15
ENSG00000101457,chr20_45573878_T_A_b38,-218061,0.3775,122,151,8.018338952609767e-05,0.2110476,0.052133076,0.00011878051661737499,1.0630682722259286e-17,6.777550159043824e-15
ENSG00000101457,chr20_45574058_C_T_b38,-217881,0.3875,125,155,9.941047206184098e-05,0.20564474,0.05150816,0.00011878051661737499,1.0630682722259286e-17,6.777550159043824e-15
ENSG00000101457,chr20_45574236_A_G_b38,-217703,0.3875,125,155,9.941047206184098e-05,0.20564474,0.05150816,0.00011878051661737499,1.0630682722259286e-17,6.777550159043824e-15
ENSG00000101457,chr20_45574542_C_G_b38,-217397,0.3825,123,153,4.738018662705647e-05,0.21480659,0.05135834,0.00011878051661737499,1.0630682722259286e-17,6.777550159043824e-15
ENSG00000101457,chr20_45574579_A_G_b38,-217360,0.3875,125,155,9.941047206184098e-05,0.20564474,0.05150816,0.00011878051661737499,1.0630682722259286e-17,6.777550159043824e-15
ENSG00000101457,chr20_45574897_A_C_b38,-217042,0.3875,125,155,9.941047206184098e-05,0.20564474,0.05150816,0.00011878051661737499,1.0630682722259286e-17,6.777550159043824e-15
ENSG00000101457,chr20_45579372_C_T_b38,-212567,0.3775,122,151,8.018352502530021e-05,0.21104759,0.05213308,0.00011878051661737499,1.0630682722259286e-17,6.777550159043824e-15
ENSG00000101457,chr20_45579581_G_A_b38,-212358,0.3875,125,155,0.00010045173439901503,0.20913704,0.052418567,0.00011878051661737499,1.0630682722259286e-17,6.777550159043824e-15
ENSG00000101457,chr20_45579865_A_G_b38,-212074,0.4875,149,195,3.5971986745425296e-05,0.21571514,0.05073755,0.00011878051661737499,1.0630682722259286e-17,6.777550159043824e-15
ENSG00000101457,chr20_45582465_A_T_b38,-209474,0.3775,122,151,8.018352502530021e-05,-0.21104759,0.05213308,0.00011878051661737499,1.0630682722259286e-17,6.777550159043824e-15
ENSG00000101457,chr20_45582494_G_A_b38,-209445,0.5,152,200,4.6269783403538384e-05,-0.21322043,0.05090633,0.00011878051661737499,1.0630682722259286e-17,6.777550159043824e-15
ENSG00000101457,chr20_45584837_C_T_b38,-207102,0.3775,122,151,8.018352502530021e-05,-0.21104759,0.05213308,0.00011878051661737499,1.0630682722259286e-17,6.777550159043824e-15
ENSG00000101457,chr20_45585727_C_T_b38,-206212,0.4975,151,199,2.602958660424755e-05,-0.21779266,0.050278623,0.00011878051661737499,1.0630682722259286e-17,6.777550159043824e-15
ENSG00000101457,chr20_45586309_A_G_b38,-205630,0.3775,122,151,8.018352502530021e-05,-0.21104759,0.05213308,0.00011878051661737499,1.0630682722259286e-17,6.777550159043824e-15
ENSG00000101457,chr20_45586680_A_T_b38,-205259,0.37,119,148,4.202590221747342e-05,-0.22180524,0.05265183,0.00011878051661737499,1.0630682722259286e-17,6.777550159043824e-15
ENSG00000101457,chr20_45586753_AT_A_b38,-205186,0.3775,122,151,8.018352502530021e-05,-0.21104759,0.05213308,0.00011878051661737499,1.0630682722259286e-17,6.777550159043824e-15
ENSG00000101457,chr20_45586755_G_C_b38,-205184,0.3775,122,151,8.018352502530021e-05,-0.21104759,0.05213308,0.00011878051661737499,1.0630682722259286e-17,6.777550159043824e-15
ENSG00000101457,chr20_45587068_G_T_b38,-204871,0.3775,122,151,8.018352502530021e-05,-0.21104759,0.05213308,0.00011878051661737499,1.0630682722259286e-17,6.777550159043824e-15
ENSG00000101457,chr20_45587789_T_C_b38,-204150,0.4875,148,195,4.3153486336181855e-05,-0.20942129,0.049790725,0.00011878051661737499,1.0630682722259286e-17,6.777550159043824e-15
ENSG00000101457,chr20_45587844_T_C_b38,-204095,0.4875,148,195,4.3153486336181855e-05,-0.20942129,0.049790725,0.00011878051661737499,1.0630682722259286e-17,6.777550159043824e-15
ENSG00000101457,chr20_45587855_G_T_b38,-204084,0.4875,148,195,4.3153486336181855e-05,-0.20942129,0.049790725,0.00011878051661737499,1.0630682722259286e-17,6.777550159043824e-15
ENSG00000101457,chr20_45587945_G_A_b38,-203994,0.4875,148,195,4.3153486336181855e-05,-0.20942129,0.049790725,0.00011878051661737499,1.0630682722259286e-17,6.777550159043824e-15
ENSG00000101457,chr20_45588050_C_T_b38,-203889,0.4875,148,195,4.3153486336181855e-05,-0.20942129,0.049790725,0.00011878051661737499,1.0630682722259286e-17,6.777550159043824e-15
ENSG00000101457,chr20_45588092_A_C_b38,-203847,0.4875,148,195,4.3153486336181855e-05,-0.20942129,0.049790725,0.00011878051661737499,1.0630682722259286e-17,6.777550159043824e-15
ENSG00000101457,chr20_45588272_G_A_b38,-203667,0.4875,148,195,4.3153486336181855e-05,-0.20942129,0.049790725,0.00011878051661737499,1.0630682722259286e-17,6.777550159043824e-15
ENSG00000101457,chr20_45809660_G_A_b38,17721,0.3025,103,121,1.818886338770496e-14,0.39438158,0.046738934,0.00011878051661737499,1.0630682722259286e-17,6.777550159043824e-15
ENSG00000101457,chr20_45810335_G_T_b38,18396,0.34500003,113,138,1.0630694239673738e-17,0.41313586,0.04273191,0.00011878051661737499,1.0630682722259286e-17,6.777550159043824e-15
ENSG00000101457,chr20_45811711_A_G_b38,19772,0.4375,134,175,4.301043933418334e-13,0.35655865,0.045151778,0.00011878051661737499,1.0630682722259286e-17,6.777550159043824e-15
ENSG00000101457,chr20_45812051_G_A_b38,20112,0.3025,103,121,1.818886338770496e-14,0.39438158,0.046738934,0.00011878051661737499,1.0630682722259286e-17,6.777550159043824e-15
ENSG00000101457,chr20_45814960_T_TC_b38,23021,0.14393938,54,58,4.318666470093598e-07,0.38355958,0.07275743,0.00011878051661737499,1.0630682722259286e-17,6.777550159043824e-15
ENSG00000101457,chr20_45815127_A_G_b38,23188,0.31,105,124,8.835688396073914e-15,0.39316255,0.045932073,0.00011878051661737499,1.0630682722259286e-17,6.777550159043824e-15
ENSG00000101457,chr20_45872819_A_G_b38,80880,0.46499997,145,186,8.979315841932817e-08,0.27180812,0.048506346,0.00011878051661737499,1.0630682722259286e-17,6.777550159043824e-15
ENSG00000101457,chr20_45873133_T_G_b38,81194,0.40750003,133,163,1.0277520819669652e-08,0.29178143,0.0482873,0.00011878051661737499,1.0630682722259286e-17,6.777550159043824e-15
ENSG00000101457,chr20_45873270_G_A_b38,81331,0.46499997,145,186,8.979315841932817e-08,0.27180812,0.048506346,0.00011878051661737499,1.0630682722259286e-17,6.777550159043824e-15
ENSG00000101457,chr20_45873295_G_A_b38,81356,0.46499997,145,186,8.979315841932817e-08,0.27180812,0.048506346,0.00011878051661737499,1.0630682722259286e-17,6.777550159043824e-15
ENSG00000101457,chr20_45873364_G_A_b38,81425,0.47250003,146,189,1.2597542642432258e-07,0.27249575,0.049248368,0.00011878051661737499,1.0630682722259286e-17,6.777550159043824e-15
ENSG00000101457,chr20_45874460_T_C_b38,82521,0.32999998,113,132,5.34292693837185e-09,0.30598116,0.04958011,0.00011878051661737499,1.0630682722259286e-17,6.777550159043824e-15
ENSG00000101457,chr20_45875742_CTGCCCTCCT_C_b38,83803,0.45499998,143,182,2.6416573241680905e-09,0.30225104,0.047911853,0.00011878051661737499,1.0630682722259286e-17,6.777550159043824e-15
ENSG00000101457,chr20_45875841_T_A_b38,83902,0.435,140,174,2.3634663336009445e-10,0.32329085,0.047779687,0.00011878051661737499,1.0630682722259286e-17,6.777550159043824e-15
ENSG00000101457,chr20_45876392_G_A_b38,84453,0.45499998,143,182,2.6416573241680905e-09,0.30225104,0.047911853,0.00011878051661737499,1.0630682722259286e-17,6.777550159043824e-15
ENSG00000101457,chr20_45876427_T_C_b38,84488,0.45499998,143,182,2.641642950710133e-09,0.30225107,0.04791185,0.00011878051661737499,1.0630682722259286e-17,6.777550159043824e-15
ENSG00000101457,chr20_45876536_T_G_b38,84597,0.365,124,146,2.498094288536339e-11,0.34592095,0.048188522,0.00011878051661737499,1.0630682722259286e-17,6.777550159043824e-15
ENSG00000101457,chr20_45877334_T_C_b38,85395,0.39749998,131,159,1.701402183495934e-10,0.32590297,0.04773494,0.00011878051661737499,1.0630682722259286e-17,6.777550159043824e-15
ENSG00000101457,chr20_45877779_G_A_b38,85840,0.45499998,143,182,2.641642950710133e-09,0.30225107,0.04791185,0.00011878051661737499,1.0630682722259286e-17,6.777550159043824e-15
ENSG00000101457,chr20_45879572_G_A_b38,87633,0.4525,142,181,2.9372430211095167e-09,0.29722226,0.04726851,0.00011878051661737499,1.0630682722259286e-17,6.777550159043824e-15
ENSG00000101457,chr20_45879880_C_CTTTTTGT_b38,87941,0.39499998,130,158,1.5941128289358336e-10,0.32321945,0.047258347,0.00011878051661737499,1.0630682722259286e-17,6.777550159043824e-15
ENSG00000101457,chr20_45880101_G_A_b38,88162,0.4525,142,181,2.9372430211095167e-09,0.29722226,0.04726851,0.00011878051661737499,1.0630682722259286e-17,6.777550159043824e-15
ENSG00000101457,chr20_45880903_T_A_b38,88964,0.36683416,125,147,7.703917277316852e-12,0.35350722,0.047837477,0.00011878051661737499,1.0630682722259286e-17,6.777550159043824e-15
ENSG00000101457,chr20_45881093_G_A_b38,89154,0.46749997,143,187,1.1472743891643317e-09,0.30867442,0.047718707,0.00011878051661737499,1.0630682722259286e-17,6.777550159043824e-15
ENSG00000101457,chr20_45881123_T_C_b38,89184,0.3625,123,145,1.6651705306737254e-11,0.34747642,0.047916822,0.00011878051661737499,1.0630682722259286e-17,6.777550159043824e-15
ENSG00000101457,chr20_45882175_A_G_b38,90236,0.39499998,130,158,1.5941128289358336e-10,0.32321945,0.047258347,0.00011878051661737499,1.0630682722259286e-17,6.777550159043824e-15
ENSG00000101457,chr20_45884153_CTG_C_b38,92214,0.46499997,143,186,1.1972944175783698e-09,0.308433,0.04774147,0.00011878051661737499,1.0630682722259286e-17,6.777550159043824e-15
ENSG00000101457,chr20_45935391_G_C_b38,143452,0.32,112,128,4.440544903774175e-06,-0.27169314,0.057165597,0.00011878051661737499,1.0630682722259286e-17,6.777550159043824e-15
ENSG00000101457,chr20_45936043_G_A_b38,144104,0.48250002,152,193,1.1855115392627102e-06,-0.25305346,0.050097737,0.00011878051661737499,1.0630682722259286e-17,6.777550159043824e-15
ENSG00000101457,chr20_45965589_G_A_b38,173650,0.3175,111,127,3.817770039381806e-06,-0.27567795,0.057582617,0.00011878051661737499,1.0630682722259286e-17,6.777550159043824e-15
ENSG00000101457,chr20_45966087_T_C_b38,174148,0.3175,111,127,3.817770039381806e-06,-0.27567795,0.057582617,0.00011878051661737499,1.0630682722259286e-17,6.777550159043824e-15
ENSG00000101457,chr20_45966280_G_A_b38,174341,0.4025,129,161,8.351402109430677e-06,0.2354042,0.05111455,0.00011878051661737499,1.0630682722259286e-17,6.777550159043824e-15
ENSG00000101457,chr20_45967010_G_A_b38,175071,0.4175,138,167,3.9124710043668575e-07,-0.27067417,0.051138025,0.00011878051661737499,1.0630682722259286e-17,6.777550159043824e-15
ENSG00000101457,chr20_45967906_G_A_b38,175967,0.4025,129,161,8.351402109430677e-06,0.2354042,0.05111455,0.00011878051661737499,1.0630682722259286e-17,6.777550159043824e-15
ENSG00000101457,chr20_45969319_AG_A_b38,177380,0.3175,111,127,3.817770039381806e-06,-0.27567795,0.057582617,0.00011878051661737499,1.0630682722259286e-17,6.777550159043824e-15
ENSG00000101457,chr20_45970031_T_C_b38,178092,0.3175,111,127,3.817770039381806e-06,-0.27567795,0.057582617,0.00011878051661737499,1.0630682722259286e-17,6.777550159043824e-15
ENSG00000101457,chr20_45976183_G_A_b38,184244,0.4,128,160,3.371610720710186e-05,0.21981215,0.05150583,0.00011878051661737499,1.0630682722259286e-17,6.777550159043824e-15
ENSG00000101457,chr20_45980368_G_A_b38,188429,0.4425,136,177,4.93491276318745e-06,0.22914924,0.048462946,0.00011878051661737499,1.0630682722259286e-17,6.777550159043824e-15
ENSG00000101457,chr20_45984358_T_A_b38,192419,0.12565444,44,48,5.8102887059545623e-05,-0.30675405,0.07425992,0.00011878051661737499,1.0630682722259286e-17,6.777550159043824e-15
ENSG00000168612,chr20_45794194_G_A_b38,-87035,0.1525,57,61,1.4086661011443678e-05,0.25276467,0.056408122,9.161211869423596e-05,1.4086664453268721e-05,0.0024191380249758854
ENSG00000168612,chr20_45798779_A_G_b38,-82450,0.14,53,56,2.856689764869746e-05,0.25137785,0.05834078,9.161211869423596e-05,1.4086664453268721e-05,0.0024191380249758854
ENSG00000168612,chr20_45799948_A_G_b38,-81281,0.14,53,56,2.856689764869746e-05,0.25137785,0.05834078,9.161211869423596e-05,1.4086664453268721e-05,0.0024191380249758854
ENSG00000168612,chr20_45800584_G_T_b38,-80645,0.14,53,56,2.856689764869746e-05,0.25137785,0.05834078,9.161211869423596e-05,1.4086664453268721e-05,0.0024191380249758854
ENSG00000197496,chr20_46676386_A_C_b38,-33103,0.33249998,111,133,1.1182595713644001e-05,0.19422705,0.042816784,0.0001369956173619201,1.0373269759214938e-05,0.0011703700076687402
ENSG00000197496,chr20_46678289_A_G_b38,-31200,0.33499998,111,134,1.0373267444820324e-05,0.19280861,0.04233727,0.0001369956173619201,1.0373269759214938e-05,0.0011703700076687402
ENSG00000064655,chr20_47000711_A_G_b38,106085,0.33749998,104,135,0.0002152392369434939,0.34016123,0.0898198,0.00033916130895692877,4.90815831248425e-06,0.0002334984813941053
ENSG00000064655,chr20_47001302_G_A_b38,106676,0.33749998,103,135,3.168568626915794e-05,0.38463566,0.08980228,0.00033916130895692877,4.90815831248425e-06,0.0002334984813941053
ENSG00000064655,chr20_47004298_G_A_b38,109672,0.365,111,146,4.908216021461891e-06,0.40633756,0.085913815,0.00033916130895692877,4.90815831248425e-06,0.0002334984813941053
ENSG00000064655,chr20_47004513_G_A_b38,109887,0.365,111,146,4.908157669470741e-06,0.40633777,0.08591381,0.00033916130895692877,4.90815831248425e-06,0.0002334984813941053
ENSG00000064655,chr20_47004578_G_A_b38,109952,0.2975,95,119,0.00017061202194595915,-0.34827814,0.090467855,0.00033916130895692877,4.90815831248425e-06,0.0002334984813941053
ENSG00000124207,chr20_48903557_G_T_b38,-142691,0.2475,90,99,2.4151642463380136e-07,-0.25931773,0.048057094,0.00016797698967011316,1.5058626035615862e-17,1.2068737239450755e-14
ENSG00000124207,chr20_48907195_C_T_b38,-139053,0.3725,122,149,9.207881368423914e-06,-0.1946891,0.04248659,0.00016797698967011316,1.5058626035615862e-17,1.2068737239450755e-14
ENSG00000124207,chr20_48907252_C_T_b38,-138996,0.2325,84,93,2.769799727430902e-07,-0.2615806,0.04873958,0.00016797698967011316,1.5058626035615862e-17,1.2068737239450755e-14
ENSG00000124207,chr20_48907328_A_C_b38,-138920,0.34750003,117,139,9.712210150425667e-10,-0.2669831,0.041072093,0.00016797698967011316,1.5058626035615862e-17,1.2068737239450755e-14
ENSG00000124207,chr20_48909128_G_A_b38,-137120,0.2325,84,93,2.769799727430902e-07,-0.2615806,0.04873958,0.00016797698967011316,1.5058626035615862e-17,1.2068737239450755e-14
ENSG00000124207,chr20_48909134_T_C_b38,-137114,0.2325,84,93,2.769799727430902e-07,-0.2615806,0.04873958,0.00016797698967011316,1.5058626035615862e-17,1.2068737239450755e-14
ENSG00000124207,chr20_48909470_T_C_b38,-136778,0.3725,122,149,9.207881368423914e-06,-0.1946891,0.04248659,0.00016797698967011316,1.5058626035615862e-17,1.2068737239450755e-14
ENSG00000124207,chr20_48909956_T_G_b38,-136292,0.34750003,117,139,9.712210150425667e-10,-0.2669831,0.041072093,0.00016797698967011316,1.5058626035615862e-17,1.2068737239450755e-14
ENSG00000124207,chr20_48910260_GC_G_b38,-135988,0.23,83,92,9.005800951015004e-07,-0.25135288,0.04917062,0.00016797698967011316,1.5058626035615862e-17,1.2068737239450755e-14
ENSG00000124207,chr20_48911205_A_C_b38,-135043,0.34750003,117,139,9.712210150425667e-10,-0.2669831,0.041072093,0.00016797698967011316,1.5058626035615862e-17,1.2068737239450755e-14
ENSG00000124207,chr20_48911532_A_AT_b38,-134716,0.3725,122,149,9.207881368423914e-06,-0.1946891,0.04248659,0.00016797698967011316,1.5058626035615862e-17,1.2068737239450755e-14
ENSG00000124207,chr20_48912271_G_C_b38,-133977,0.25,91,100,1.0471916747280373e-07,-0.26458728,0.047488373,0.00016797698967011316,1.5058626035615862e-17,1.2068737239450755e-14
ENSG00000124207,chr20_48912974_A_G_b38,-133274,0.48000002,146,192,0.00015575751623156695,-0.15522805,0.04006835,0.00016797698967011316,1.5058626035615862e-17,1.2068737239450755e-14
ENSG00000124207,chr20_48913376_C_T_b38,-132872,0.34750003,117,139,9.712210150425667e-10,-0.2669831,0.041072093,0.00016797698967011316,1.5058626035615862e-17,1.2068737239450755e-14
ENSG00000124207,chr20_48913500_T_C_b38,-132748,0.34750003,117,139,9.712210150425667e-10,-0.2669831,0.041072093,0.00016797698967011316,1.5058626035615862e-17,1.2068737239450755e-14
ENSG00000124207,chr20_48913613_C_T_b38,-132635,0.34750003,117,139,9.712210150425667e-10,-0.2669831,0.041072093,0.00016797698967011316,1.5058626035615862e-17,1.2068737239450755e-14
ENSG00000124207,chr20_48914171_C_G_b38,-132077,0.235,85,94,1.2377656321166711e-07,-0.26637542,0.04811025,0.00016797698967011316,1.5058626035615862e-17,1.2068737239450755e-14
ENSG00000124207,chr20_48914264_TTGC_T_b38,-131984,0.35000002,118,140,2.1021039920696487e-09,-0.2608111,0.041055985,0.00016797698967011316,1.5058626035615862e-17,1.2068737239450755e-14
ENSG00000124207,chr20_48914617_G_C_b38,-131631,0.375,123,150,2.0533863018050683e-12,-0.30086046,0.039462473,0.00016797698967011316,1.5058626035615862e-17,1.2068737239450755e-14
ENSG00000124207,chr20_48914708_A_G_b38,-131540,0.48250002,148,193,6.587219332989444e-10,-0.26363865,0.040103376,0.00016797698967011316,1.5058626035615862e-17,1.2068737239450755e-14
ENSG00000124207,chr20_48914749_G_A_b38,-131499,0.4125,132,165,2.4864108839102394e-08,-0.2359066,0.040215675,0.00016797698967011316,1.5058626035615862e-17,1.2068737239450755e-14
ENSG00000124207,chr20_48915069_T_C_b38,-131179,0.35500002,120,142,3.7832750056225095e-10,-0.2697236,0.040387593,0.00016797698967011316,1.5058626035615862e-17,1.2068737239450755e-14
ENSG00000124207,chr20_48915280_G_A_b38,-130968,0.34,118,136,9.78659522529974e-16,-0.346056,0.0387653,0.00016797698967011316,1.5058626035615862e-17,1.2068737239450755e-14
ENSG00000124207,chr20_48915351_A_G_b38,-130897,0.48000002,147,192,5.234062404546115e-10,-0.26691204,0.040335048,0.00016797698967011316,1.5058626035615862e-17,1.2068737239450755e-14
ENSG00000124207,chr20_48915630_A_G_b38,-130618,0.48000002,147,192,5.234062404546115e-10,-0.26691204,0.040335048,0.00016797698967011316,1.5058626035615862e-17,1.2068737239450755e-14
ENSG00000124207,chr20_48915661_A_G_b38,-130587,0.48000002,147,192,5.234062404546115e-10,-0.26691204,0.040335048,0.00016797698967011316,1.5058626035615862e-17,1.2068737239450755e-14
ENSG00000124207,chr20_48915999_A_G_b38,-130249,0.3425,118,137,1.422294061405081e-16,-0.35334098,0.038219463,0.00016797698967011316,1.5058626035615862e-17,1.2068737239450755e-14
ENSG00000124207,chr20_48916213_A_G_b38,-130035,0.345,118,138,1.9864018887995717e-16,-0.3504586,0.03813398,0.00016797698967011316,1.5058626035615862e-17,1.2068737239450755e-14
ENSG00000124207,chr20_48916416_C_T_b38,-129832,0.48000002,147,192,5.234077459122782e-10,-0.26691204,0.04033505,0.00016797698967011316,1.5058626035615862e-17,1.2068737239450755e-14
ENSG00000124207,chr20_48916462_A_G_b38,-129786,0.35500002,120,142,3.7832750056225095e-10,-0.2697236,0.040387593,0.00016797698967011316,1.5058626035615862e-17,1.2068737239450755e-14
ENSG00000124207,chr20_48917118_T_C_b38,-129130,0.35500002,120,142,3.7832750056225095e-10,-0.2697236,0.040387593,0.00016797698967011316,1.5058626035615862e-17,1.2068737239450755e-14
ENSG00000124207,chr20_48917419_C_T_b38,-128829,0.48000002,147,192,5.234062404546115e-10,-0.26691204,0.040335048,0.00016797698967011316,1.5058626035615862e-17,1.2068737239450755e-14
ENSG00000124207,chr20_48918053_C_T_b38,-128195,0.3425,117,137,2.275993909477837e-15,-0.33713463,0.038368896,0.00016797698967011316,1.5058626035615862e-17,1.2068737239450755e-14
ENSG00000124207,chr20_48918192_G_A_b38,-128056,0.34,117,136,1.6284869788379145e-15,-0.3401607,0.038469296,0.00016797698967011316,1.5058626035615862e-17,1.2068737239450755e-14
ENSG00000124207,chr20_48918572_T_C_b38,-127676,0.48000002,147,192,5.234077459122782e-10,-0.26691204,0.04033505,0.00016797698967011316,1.5058626035615862e-17,1.2068737239450755e-14
ENSG00000124207,chr20_48918724_G_T_b38,-127524,0.48000002,147,192,5.234077459122782e-10,-0.26691204,0.04033505,0.00016797698967011316,1.5058626035615862e-17,1.2068737239450755e-14
ENSG00000124207,chr20_48918761_A_C_b38,-127487,0.35500002,120,142,3.7832750056225095e-10,-0.2697236,0.040387593,0.00016797698967011316,1.5058626035615862e-17,1.2068737239450755e-14
ENSG00000124207,chr20_48920452_G_A_b38,-125796,0.0775,31,31,2.8052665568579835e-05,-0.33489993,0.0776441,0.00016797698967011316,1.5058626035615862e-17,1.2068737239450755e-14
ENSG00000124207,chr20_48921560_A_G_b38,-124688,0.08,32,32,0.00014222081935171669,-0.2975256,0.07632264,0.00016797698967011316,1.5058626035615862e-17,1.2068737239450755e-14
ENSG00000124207,chr20_48921796_C_T_b38,-124452,0.2225,81,89,8.983384778983161e-07,-0.25620273,0.050114,0.00016797698967011316,1.5058626035615862e-17,1.2068737239450755e-14
ENSG00000124207,chr20_48924980_G_A_b38,-121268,0.34,118,136,2.265706167965099e-16,-0.3558327,0.038810097,0.00016797698967011316,1.5058626035615862e-17,1.2068737239450755e-14
ENSG00000124207,chr20_48925063_G_A_b38,-121185,0.40249997,130,161,2.3062866473398133e-12,-0.28306094,0.03722762,0.00016797698967011316,1.5058626035615862e-17,1.2068737239450755e-14
ENSG00000124207,chr20_49054009_T_C_b38,7761,0.08,32,32,3.428049530383147e-05,-0.32725945,0.07675688,0.00016797698967011316,1.5058626035615862e-17,1.2068737239450755e-14
ENSG00000124207,chr20_49055001_T_C_b38,8753,0.3375,118,135,1.5058644730919775e-17,-0.3710732,0.038606904,0.00016797698967011316,1.5058626035615862e-17,1.2068737239450755e-14
ENSG00000124207,chr20_49056465_G_C_b38,10217,0.3375,118,135,1.5058644730919775e-17,-0.3710732,0.038606904,0.00016797698967011316,1.5058626035615862e-17,1.2068737239450755e-14
ENSG00000124207,chr20_49056693_G_GTTT_b38,10445,0.41250002,134,165,8.374262323572876e-13,-0.288462,0.03707236,0.00016797698967011316,1.5058626035615862e-17,1.2068737239450755e-14
ENSG00000124207,chr20_49058639_T_A_b38,12391,0.41500002,135,166,1.8144038264893114e-13,-0.296914,0.036902443,0.00016797698967011316,1.5058626035615862e-17,1.2068737239450755e-14
ENSG00000124207,chr20_49181116_G_A_b38,134868,0.395,128,158,2.0624267584050035e-12,0.28515047,0.037405655,0.00016797698967011316,1.5058626035615862e-17,1.2068737239450755e-14
ENSG00000124207,chr20_49182127_T_C_b38,135879,0.405,132,162,9.471631050459204e-13,0.28831613,0.037156217,0.00016797698967011316,1.5058626035615862e-17,1.2068737239450755e-14
ENSG00000124207,chr20_49184078_C_T_b38,137830,0.2325,85,93,2.7762793993381933e-07,-0.26100415,0.048636682,0.00016797698967011316,1.5058626035615862e-17,1.2068737239450755e-14
ENSG00000124207,chr20_49186764_A_C_b38,140516,0.2325,85,93,2.776291995319662e-07,-0.26100412,0.048636686,0.00016797698967011316,1.5058626035615862e-17,1.2068737239450755e-14
ENSG00000124207,chr20_49189555_G_A_b38,143307,0.2325,85,93,2.7762793993381933e-07,-0.26100415,0.048636682,0.00016797698967011316,1.5058626035615862e-17,1.2068737239450755e-14
ENSG00000124207,chr20_49191533_G_A_b38,145285,0.3875,126,155,2.6633820109052025e-12,0.28914997,0.038155764,0.00016797698967011316,1.5058626035615862e-17,1.2068737239450755e-14
ENSG00000124207,chr20_49194571_C_CTATGATCTTTCAAATTAT_b38,148323,0.07999998,32,32,3.428043427317432e-05,0.32725948,0.07675688,0.00016797698967011316,1.5058626035615862e-17,1.2068737239450755e-14
ENSG00000124207,chr20_49195666_G_C_b38,149418,0.2125,77,85,1.4876361159510472e-05,-0.22826692,0.05109068,0.00016797698967011316,1.5058626035615862e-17,1.2068737239450755e-14
ENSG00000124207,chr20_49198690_A_G_b38,152442,0.325,111,130,8.362610534887877e-13,0.31664994,0.04069373,0.00016797698967011316,1.5058626035615862e-17,1.2068737239450755e-14
ENSG00000124207,chr20_49206904_C_T_b38,160656,0.1125,42,45,1.4971973586658873e-05,-0.28623766,0.064087816,0.00016797698967011316,1.5058626035615862e-17,1.2068737239450755e-14
ENSG00000124207,chr20_49207033_C_T_b38,160785,0.1875,69,75,6.730191189931843e-06,-0.2408687,0.051731657,0.00016797698967011316,1.5058626035615862e-17,1.2068737239450755e-14
ENSG00000124207,chr20_49211971_T_C_b38,165723,0.0725,29,29,1.8399388859951693e-05,-0.35074753,0.079417616,0.00016797698967011316,1.5058626035615862e-17,1.2068737239450755e-14
ENSG00000124207,chr20_49211989_G_T_b38,165741,0.36,119,144,2.7866868019022512e-11,0.27392283,0.038264267,0.00016797698967011316,1.5058626035615862e-17,1.2068737239450755e-14
ENSG00000124207,chr20_49212153_C_T_b38,165905,0.0725,29,29,1.8399388859951693e-05,-0.35074753,0.079417616,0.00016797698967011316,1.5058626035615862e-17,1.2068737239450755e-14
ENSG00000124207,chr20_49213553_A_G_b38,167305,0.0725,29,29,1.8399388859951693e-05,-0.35074753,0.079417616,0.00016797698967011316,1.5058626035615862e-17,1.2068737239450755e-14
ENSG00000124207,chr20_49215517_A_T_b38,169269,0.21749997,77,87,7.213467577624747e-05,0.19993664,0.049058232,0.00016797698967011316,1.5058626035615862e-17,1.2068737239450755e-14
ENSG00000124207,chr20_49216460_A_G_b38,170212,0.21749997,77,87,7.213467577624747e-05,0.19993664,0.049058232,0.00016797698967011316,1.5058626035615862e-17,1.2068737239450755e-14
ENSG00000124207,chr20_49217718_A_G_b38,171470,0.0725,29,29,1.8399388859951693e-05,-0.35074753,0.079417616,0.00016797698967011316,1.5058626035615862e-17,1.2068737239450755e-14
ENSG00000124207,chr20_49218381_C_T_b38,172133,0.0725,29,29,1.8399388859951693e-05,-0.35074753,0.079417616,0.00016797698967011316,1.5058626035615862e-17,1.2068737239450755e-14
ENSG00000124207,chr20_49219081_G_A_b38,172833,0.205,74,82,1.839460160615943e-05,-0.21771793,0.049295835,0.00016797698967011316,1.5058626035615862e-17,1.2068737239450755e-14
ENSG00000124207,chr20_49220589_G_C_b38,174341,0.21749997,77,87,7.213492121168911e-05,0.1999366,0.049058232,0.00016797698967011316,1.5058626035615862e-17,1.2068737239450755e-14
ENSG00000124207,chr20_49220669_C_T_b38,174421,0.205,74,82,1.839460160615943e-05,-0.21771793,0.049295835,0.00016797698967011316,1.5058626035615862e-17,1.2068737239450755e-14
ENSG00000124207,chr20_49241753_G_A_b38,195505,0.2025,73,81,2.211822120883772e-05,-0.21451151,0.049068753,0.00016797698967011316,1.5058626035615862e-17,1.2068737239450755e-14
ENSG00000124207,chr20_49242680_G_A_b38,196432,0.35,116,140,4.827633155842705e-10,0.26529127,0.039998133,0.00016797698967011316,1.5058626035615862e-17,1.2068737239450755e-14
ENSG00000124207,chr20_49245642_T_TAA_b38,199394,0.07035176,28,28,9.279672968182088e-06,-0.36833245,0.080412656,0.00016797698967011316,1.5058626035615862e-17,1.2068737239450755e-14
ENSG00000124207,chr20_49249874_G_A_b38,203626,0.4975,144,199,2.012214400258163e-09,0.22653387,0.03561301,0.00016797698967011316,1.5058626035615862e-17,1.2068737239450755e-14
ENSG00000124207,chr20_49250119_G_A_b38,203871,0.4975,144,199,1.420688761494807e-08,0.21831428,0.036518045,0.00016797698967011316,1.5058626035615862e-17,1.2068737239450755e-14
ENSG00000124207,chr20_49251062_T_G_b38,204814,0.35,116,140,4.827633155842705e-10,0.26529127,0.039998133,0.00016797698967011316,1.5058626035615862e-17,1.2068737239450755e-14
ENSG00000124207,chr20_49252058_C_A_b38,205810,0.0725,29,29,1.8399388859951693e-05,-0.35074753,0.079417616,0.00016797698967011316,1.5058626035615862e-17,1.2068737239450755e-14
ENSG00000124207,chr20_49322089_C_T_b38,275841,0.385,122,154,1.4003034192879915e-08,0.23234355,0.03884604,0.00016797698967011316,1.5058626035615862e-17,1.2068737239450755e-14
ENSG00000124207,chr20_49322296_G_A_b38,276048,0.4025,128,161,4.0873539758840844e-08,0.23131907,0.04012269,0.00016797698967011316,1.5058626035615862e-17,1.2068737239450755e-14
ENSG00000124207,chr20_49323126_C_A_b38,276878,0.1775,63,71,7.668140260492807e-05,-0.21270658,0.05239379,0.00016797698967011316,1.5058626035615862e-17,1.2068737239450755e-14
ENSG00000124207,chr20_49325109_C_T_b38,278861,0.0875,34,35,9.095279514747116e-06,-0.33696213,0.073487855,0.00016797698967011316,1.5058626035615862e-17,1.2068737239450755e-14
ENSG00000158445,chr20_49501461_T_C_b38,17162,0.355,115,142,5.385963118337226e-05,0.37598485,0.09059693,0.00015171129316378072,2.764879872403034e-06,0.0003816950101115595
ENSG00000158445,chr20_49502285_C_T_b38,17986,0.275,96,110,3.824211395362574e-06,0.44581276,0.093127295,0.00015171129316378072,2.764879872403034e-06,0.0003816950101115595
ENSG00000158445,chr20_49503283_T_C_b38,18984,0.275,96,110,3.824211395362574e-06,0.44581276,0.093127295,0.00015171129316378072,2.764879872403034e-06,0.0003816950101115595
ENSG00000158445,chr20_49504240_G_A_b38,19941,0.275,96,110,3.824211395362574e-06,0.44581273,0.09312729,0.00015171129316378072,2.764879872403034e-06,0.0003816950101115595
ENSG00000158445,chr20_49504462_C_A_b38,20163,0.355,115,142,5.385963118337226e-05,0.37598485,0.09059693,0.00015171129316378072,2.764879872403034e-06,0.0003816950101115595
ENSG00000158445,chr20_49506225_T_C_b38,21926,0.2725,95,109,5.187146497440045e-06,0.4409384,0.09348279,0.00015171129316378072,2.764879872403034e-06,0.0003816950101115595
ENSG00000158445,chr20_49506529_C_T_b38,22230,0.27,95,108,5.0149583772403316e-06,0.4455378,0.094301455,0.00015171129316378072,2.764879872403034e-06,0.0003816950101115595
ENSG00000158445,chr20_49506550_T_G_b38,22251,0.3525,114,141,7.123602587643304e-05,0.37034786,0.09080009,0.00015171129316378072,2.764879872403034e-06,0.0003816950101115595
ENSG00000158445,chr20_49508478_G_A_b38,24179,0.2475,88,99,1.1851188949395776e-05,0.4378014,0.0968076,0.00015171129316378072,2.764879872403034e-06,0.0003816950101115595
ENSG00000158445,chr20_49510342_C_T_b38,26043,0.28,97,112,2.7648809191076866e-06,0.43768463,0.090035886,0.00015171129316378072,2.764879872403034e-06,0.0003816950101115595
ENSG00000158445,chr20_49510445_A_G_b38,26146,0.3425,111,137,9.556532730207749e-05,0.36570045,0.09136235,0.00015171129316378072,2.764879872403034e-06,0.0003816950101115595
ENSG00000158445,chr20_49510639_T_C_b38,26340,0.285,99,114,4.148524307134016e-06,0.4275625,0.089665495,0.00015171129316378072,2.764879872403034e-06,0.0003816950101115595
ENSG00000158445,chr20_49511582_T_C_b38,27283,0.2625,92,105,8.639372308533514e-06,0.4298718,0.0935027,0.00015171129316378072,2.764879872403034e-06,0.0003816950101115595
ENSG00000158445,chr20_49511602_T_C_b38,27303,0.2625,92,105,8.639372308533514e-06,0.4298718,0.0935027,0.00015171129316378072,2.764879872403034e-06,0.0003816950101115595
ENSG00000158445,chr20_49512052_A_G_b38,27753,0.285,99,114,4.1485160161486295e-06,0.42756256,0.0896655,0.00015171129316378072,2.764879872403034e-06,0.0003816950101115595
ENSG00000158445,chr20_49512460_A_G_b38,28161,0.285,99,114,4.148524307134016e-06,0.4275625,0.089665495,0.00015171129316378072,2.764879872403034e-06,0.0003816950101115595
ENSG00000158445,chr20_49512632_C_G_b38,28333,0.3375,110,135,4.8359156303817866e-05,0.39748046,0.09515145,0.00015171129316378072,2.764879872403034e-06,0.0003816950101115595
ENSG00000158445,chr20_49513169_G_T_b38,28870,0.26,92,104,7.870220079206096e-06,0.43876767,0.094983675,0.00015171129316378072,2.764879872403034e-06,0.0003816950101115595
ENSG00000158445,chr20_49513450_G_C_b38,29151,0.285,99,114,4.148524307134016e-06,0.4275625,0.089665495,0.00015171129316378072,2.764879872403034e-06,0.0003816950101115595
ENSG00000158445,chr20_49513791_C_T_b38,29492,0.33,110,132,4.7685137476576376e-05,0.39882293,0.09539192,0.00015171129316378072,2.764879872403034e-06,0.0003816950101115595
ENSG00000158445,chr20_49514091_T_C_b38,29792,0.2875,99,115,4.775864946061881e-06,0.41746017,0.088147625,0.00015171129316378072,2.764879872403034e-06,0.0003816950101115595
ENSG00000158445,chr20_49514445_C_T_b38,30146,0.26,92,104,7.870220079206096e-06,0.43876767,0.094983675,0.00015171129316378072,2.764879872403034e-06,0.0003816950101115595
ENSG00000158445,chr20_49514499_T_C_b38,30200,0.29,100,116,6.624500282862537e-06,0.41739413,0.089572996,0.00015171129316378072,2.764879872403034e-06,0.0003816950101115595
ENSG00000197818,chr20_49922720_T_C_b38,110005,0.10750002,41,43,1.2659638595702178e-06,0.42173362,0.083733186,9.104370162581969e-05,1.265963308393164e-06,0.00023623895179817993
ENSG00000101158,chr20_59009835_T_C_b38,28625,0.4825,142,193,5.819854307127833e-05,0.24592108,0.05953933,6.335938431681694e-05,9.354592187347529e-16,5.438596772994724e-13
ENSG00000101158,chr20_59010246_A_G_b38,29036,0.4825,142,193,5.819854307127833e-05,0.24592108,0.05953933,6.335938431681694e-05,9.354592187347529e-16,5.438596772994724e-13
ENSG00000101158,chr20_59011319_A_G_b38,30109,0.1875,67,75,9.354582161249495e-16,-0.5799584,0.06491269,6.335938431681694e-05,9.354592187347529e-16,5.438596772994724e-13
ENSG00000101158,chr20_59012716_C_T_b38,31506,0.1825,65,73,7.846801493847858e-15,-0.5730571,0.066793,6.335938431681694e-05,9.354592187347529e-16,5.438596772994724e-13
ENSG00000101158,chr20_59038318_T_C_b38,57108,0.2025,73,81,3.0721183642128223e-13,-0.53110373,0.06676247,6.335938431681694e-05,9.354592187347529e-16,5.438596772994724e-13
ENSG00000101158,chr20_59038947_A_G_b38,57737,0.235,84,94,6.362792594496351e-11,-0.46093932,0.065769024,6.335938431681694e-05,9.354592187347529e-16,5.438596772994724e-13
ENSG00000101158,chr20_59042643_T_G_b38,61433,0.16,59,64,8.886150821290707e-13,-0.5963866,0.07674809,6.335938431681694e-05,9.354592187347529e-16,5.438596772994724e-13
ENSG00000101158,chr20_59043086_G_T_b38,61876,0.14,51,56,2.6856947312907334e-15,-0.66958505,0.07644479,6.335938431681694e-05,9.354592187347529e-16,5.438596772994724e-13
ENSG00000101158,chr20_59043541_C_G_b38,62331,0.14,51,56,2.6856947312907334e-15,-0.66958505,0.07644479,6.335938431681694e-05,9.354592187347529e-16,5.438596772994724e-13
ENSG00000101158,chr20_59043732_C_T_b38,62522,0.1525,56,61,9.295660512057386e-14,-0.61821777,0.07575598,6.335938431681694e-05,9.354592187347529e-16,5.438596772994724e-13
ENSG00000101158,chr20_59043739_T_C_b38,62529,0.4525,135,181,3.244394610898618e-05,0.2541269,0.059413336,6.335938431681694e-05,9.354592187347529e-16,5.438596772994724e-13
ENSG00000101158,chr20_59043747_T_C_b38,62537,0.1425,52,57,1.7313585109009204e-14,-0.6438427,0.07622779,6.335938431681694e-05,9.354592187347529e-16,5.438596772994724e-13
ENSG00000184402,chr20_62108303_C_T_b38,-35494,0.11,41,44,3.073567514037317e-05,-0.33397105,0.07783631,9.55466414684273e-05,1.5055265236303617e-05,0.002739967486747187
ENSG00000184402,chr20_62109872_T_C_b38,-33925,0.11,41,44,3.073567514037317e-05,-0.33397105,0.07783631,9.55466414684273e-05,1.5055265236303617e-05,0.002739967486747187
ENSG00000184402,chr20_62109874_C_CA_b38,-33923,0.11256545,40,43,1.7230714781090168e-05,-0.34848726,0.078622624,9.55466414684273e-05,1.5055265236303617e-05,0.002739967486747187
ENSG00000184402,chr20_62110080_C_T_b38,-33717,0.16750002,58,67,7.610477871168867e-05,0.28634882,0.07049955,9.55466414684273e-05,1.5055265236303617e-05,0.002739967486747187
ENSG00000184402,chr20_62110124_G_A_b38,-33673,0.1075,40,43,3.8017952197368634e-05,-0.3347208,0.07898495,9.55466414684273e-05,1.5055265236303617e-05,0.002739967486747187
ENSG00000184402,chr20_62110197_G_A_b38,-33600,0.17000002,59,68,3.4385619462295706e-05,0.30539432,0.07164134,9.55466414684273e-05,1.5055265236303617e-05,0.002739967486747187
ENSG00000184402,chr20_62110293_G_T_b38,-33504,0.17000002,59,68,3.4385619462295706e-05,0.30539432,0.07164134,9.55466414684273e-05,1.5055265236303617e-05,0.002739967486747187
ENSG00000184402,chr20_62110604_C_G_b38,-33193,0.17000002,59,68,3.4385619462295706e-05,0.30539432,0.07164134,9.55466414684273e-05,1.5055265236303617e-05,0.002739967486747187
ENSG00000184402,chr20_62110925_G_A_b38,-32872,0.17000002,59,68,3.4385619462295706e-05,0.30539432,0.07164134,9.55466414684273e-05,1.5055265236303617e-05,0.002739967486747187
ENSG00000184402,chr20_62111501_G_A_b38,-32296,0.17000002,59,68,3.4385619462295706e-05,0.30539432,0.07164134,9.55466414684273e-05,1.5055265236303617e-05,0.002739967486747187
ENSG00000184402,chr20_62111670_C_A_b38,-32127,0.11,41,44,3.073567514037317e-05,-0.33397105,0.07783631,9.55466414684273e-05,1.5055265236303617e-05,0.002739967486747187
ENSG00000184402,chr20_62111699_G_A_b38,-32098,0.11,41,44,3.073567514037317e-05,-0.33397105,0.07783631,9.55466414684273e-05,1.5055265236303617e-05,0.002739967486747187
ENSG00000184402,chr20_62112806_T_C_b38,-30991,0.1125,42,45,2.752640237449205e-05,-0.33340698,0.07721433,9.55466414684273e-05,1.5055265236303617e-05,0.002739967486747187
ENSG00000184402,chr20_62113043_G_T_b38,-30754,0.17000002,60,68,9.266931889569745e-05,0.28755382,0.071695715,9.55466414684273e-05,1.5055265236303617e-05,0.002739967486747187
ENSG00000184402,chr20_62113063_A_G_b38,-30734,0.1125,42,45,2.7526352733036966e-05,-0.33340704,0.07721434,9.55466414684273e-05,1.5055265236303617e-05,0.002739967486747187
ENSG00000184402,chr20_62114789_C_G_b38,-29008,0.1075,40,43,3.8017952197368634e-05,-0.3347208,0.07898495,9.55466414684273e-05,1.5055265236303617e-05,0.002739967486747187
ENSG00000184402,chr20_62115732_A_C_b38,-28065,0.1125,42,45,3.985343765089071e-05,-0.32736787,0.077465475,9.55466414684273e-05,1.5055265236303617e-05,0.002739967486747187
ENSG00000184402,chr20_62116015_G_A_b38,-27782,0.11,41,44,4.6377346090800366e-05,-0.32639027,0.07793649,9.55466414684273e-05,1.5055265236303617e-05,0.002739967486747187
ENSG00000184402,chr20_62117662_C_T_b38,-26135,0.13,49,52,1.5055263787363027e-05,-0.33116373,0.07416883,9.55466414684273e-05,1.5055265236303617e-05,0.002739967486747187
ENSG00000184402,chr20_62117832_C_T_b38,-25965,0.1125,42,45,2.9436057029822597e-05,-0.33195177,0.07717336,9.55466414684273e-05,1.5055265236303617e-05,0.002739967486747187
ENSG00000184402,chr20_62119707_G_A_b38,-24090,0.11,41,44,3.073567514037317e-05,-0.33397105,0.07783631,9.55466414684273e-05,1.5055265236303617e-05,0.002739967486747187
ENSG00000184402,chr20_62125498_C_T_b38,-18299,0.20249999,72,81,6.638833972294246e-05,0.287663,0.07021671,9.55466414684273e-05,1.5055265236303617e-05,0.002739967486747187
